CNPJ_Fundo,Data_Referencia,Versao,Nome_Prestador,CNPJ_Prestador,Endereco,Telefone
01.497.954/0001-14,2016-12-01,1,Castro Martini Engenheiros Associados Ltda.,02.989.103/0001-51,"Avenida Carlos Gomes, 111 CJ 1302 B - Porto Alegre/RS.",(51) 3328-2792
01.497.954/0001-14,2016-12-01,1,Bernardes de Oliviera e Martini Engenheiros Associados S/S,10.412.737/0001-31,"Avenida Carlos Gomes, 111 CJ 1302 B - Porto Alegre/RS.",(51) 3328-2792
01.497.954/0001-14,2016-12-01,1,Lippert Advogados,92.248.004/0001-01,"R Manoelito De Ornellas, 55 - 10 Andar -Porto Alegre/RS.",(51) 3227-3448
01.657.856/0001-05,2016-12-31,1,ADVOCACIA CAIO DRUSO,13243260000130,"AV. TANCREDO NEVES, 620 - CONJ. 2305 - SALVADOR/BA",(71) 3023-5451
01.657.856/0001-05,2016-12-31,1,"HUMILDE, PINHEIRO, LOPES, ROSA & CARIBE ADVOGADOS",5892995000166,"RUA MANOEL ANDRADE, 55 - SALVADOR/BA",(71) 3113-2641
04.066.582/0001-60,2016-12-01,1,BTG PACTUAL SERVIÇOS FINANCEIROS S.A. DTVM,59.281.253/0001-23,"Praia de Botafogo, nº 501 - 5º andar parte - Cidade do Rio de Janeiro, Estado do Rio de Janeiro",(11) 3383-2000
04.141.645/0001-03,2016-12-31,1,Itaú Corretora de Valores S/A,61194353000164,Av Brig Faria Lima 3400 10º and. São Paulo - SP,11-2740.2575
04.722.883/0001-02,2016-12-01,1,CONDOMÍNIO CENTRO EMPRESARIAL NAÇÕES UNIDAS,03.368.787/0001-37,"Av. das Nações Unidas, 12901 - Itaim Bibi, São Paulo - SP, 04795-100",(11) 5102-3372
04.722.883/0001-02,2016-12-01,1,Prefeitura Municapal de São Paulo,49.269.236/0019-46,"Viaduto do Chá, 15 - Centro, São Paulo - SP, 01020-900",(11) 3397-5700
05.562.312/0001-02,2016-12-01,2,CAIXA ECONOMICA FEDERAL,00.360.305/0001-04,"R Quintino Bocaiuva, 500 | Itapetininga - SP, CEP: 18200-670",(11) 3503-1250
05.562.312/0001-02,2016-12-01,2,BTG PACTUAL SERVIÇOS FINANCEIROS S.A. DTVM,59.281.253/0001-23,"Praia de Botafogo, nº 501 - 5º andar parte - Cidade do Rio de Janeiro, Estado do Rio de Janeiro",(11) 3383-2000
05.562.312/0001-02,2016-12-01,2,THIAGO NOGUEIRA DE CAMARGO BITTENCOURT,04.338.989/0001-07,"Al Fernao Cardim, 166, Apt 71, Jardim Paulista, Sao Paulo, SP, CEP 01403-020, Brasil",(11) 3337-1554
05.562.312/0001-02,2016-12-01,2,FABIÃO & MOREIRA LIMA SOCIEDADE DE ADVOGADOS,18.340.245/0001-23,"R. da Quitanda, 60 - Centro, Rio de Janeiro - RJ, 20011-030",(21) 3553-1710
06.175.262/0001-73,2016-12-31,1,Itaú Corretora de Valores S.A.,61.194.353/0001-64,"Avenida Brigadeiro Faria Lima 3400, 10º andar, CEP 04310-030, São Paulo - SP",11 3003-9285
07.224.019/0001-60,2016-12-01,1,Condomínio Shopping Parque D. Pedro,04.895.134/0001-79,Av. Guilherme Campos n500 Jd. Santa Genebra 13087901 Campinas-SP,(19)3756-7704
07.224.019/0001-60,2016-12-01,1,BTG PACTUAL SERVIÇOS FINANCEIROS S.A. DTVM,59.281.253/0001-23,"Praia de Botafogo, nº 501 - 5º andar parte - Cidade do Rio de Janeiro, Estado do Rio de Janeiro",(11) 3383-2000
07.224.019/0001-60,2016-12-01,1,Unishopping Administradora LTDA,01.169.817/0001-50,"Av. Dr. Cardoso de Melo, 1184 - Vila Olimpia, São Paulo - SP, 04548-004",(11) 3044-0625
07.352.632/0001-63,2016-12-01,1,RODOBENS LOCACAO DE IMOVEIS LTDA,07.352.632/0001-63,"R. Estado de Israel, 975 - Vila Clementino, São Paulo - SP, 04022-901",(11) 2124-8700
07.583.627/0001-61,2016-12-01,1,Não aplicável,0,Não aplicável,0
07.583.627/0001-61,2016-12-01,1,Não aplicável,0,Não aplicável,0
07.583.627/0001-61,2016-12-01,1,Não aplicável,0,Não aplicável,0
07.583.627/0001-61,2016-12-01,1,Não aplicável,0,Não aplicável,0
07.583.627/0001-61,2016-12-01,1,Não aplicável,0,Não aplicável,0
07.583.627/0001-61,2016-12-01,1,Não aplicável,0,Não aplicável,0
08.014.513/0001-63,2016-12-01,1,BTG PACTUAL SERVIÇOS FINANCEIROS S.A. DTVM,59.281.253/0001-23,"Praia de Botafogo, nº 501 - 5º andar parte - Cidade do Rio de Janeiro, Estado do Rio de Janeiro",(11) 3383-2000
08.098.114/0001-28,2016-12-01,1,BRAZILIAN SECURITIES COMPANHIA DE SECURITIZAÇÃO,03.767.538/0001-14,"Av. Paulista Nº 1.374, 17º Andar",(11) 3253 9304
08.706.065/0001-69,2016-12-01,1,BTG PACTUAL SERVIÇOS FINANCEIROS S.A. DTVM,59.281.253/0001-23,"Praia de Botafogo, nº 501 - 5º andar parte - Cidade do Rio de Janeiro, Estado do Rio de Janeiro",(11) 3383-2000
08.706.065/0001-69,2016-12-01,1,Btg Pactual Gestora De Recursos Ltda.,09.631.542/0001-37,"Praia de Botafogo, nº 501 - 5º andar parte - Cidade do Rio de Janeiro, Estado do Rio de Janeiro",(11) 3383-2000
08.924.783/0001-01,2016-12-01,1,Hines do Brasil Empreendimentos LTDA.,02.541.350/0001-90,"Av. das Nações Unidas, 12901 - Brooklin Novo, São Paulo - SP - CEP: 04578-910",11 5504-7600
09.276.964/0001-31,2016-12-01,1,CONDOMÍNIO BCP GREEN VALLEY COMMERCIAL,15.137.796/0001-04,"Av. Andrômeda, 885 - Alphaville Empresarial, Barueri - SP, 06473-000",(11) 2424-3221
10.375.382/0001-91,2016-12-01,1,BTG PACTUAL SERVIÇOS FINANCEIROS S.A. DTVM,59.281.253/0001-23,"Praia de Botafogo, nº 501 - 5º andar parte - Cidade do Rio de Janeiro, Estado do Rio de Janeiro",(11) 3383-2000
10.375.382/0001-91,2016-12-01,1,Aliansce Administração de Empreendimentos Comerciais Ltda,08.207.775/0001-44,R Dias Ferreira 190 sala 301 Rio de Janeiro-RJ,(21) 2176-7272
10.869.155/0001-12,2016-12-01,1,BTG PACTUAL SERVIÇOS FINANCEIROS S.A. DTVM,59.281.253/0001-23,"Praia de Botafogo, nº 501 - 5º andar parte - Cidade do Rio de Janeiro, Estado do Rio de Janeiro",(11) 3383-2000
10.869.155/0001-12,2016-12-01,1,Condomínio Shopping Parque D. Pedro,04.895.134/0001-79,Av. Guilherme Campos n500 Jd. Santa Genebra 13087901 Campinas-SP,(19)3756-7704
10.869.155/0001-12,2016-12-01,1,Unishopping Administradora LTDA,01.169.817/0001-50,"Av. Dr. Cardoso de Melo, 1184 - Vila Olimpia, São Paulo - SP, 04548-004",(11) 3044-0625
10.993.386/0001-33,2016-12-01,1,TERMINAL GARAGEM MENEZES CÔRTES SA,02.664.042/0001-52,"115, Av. Nilo Peçanha, 85 - Centro, Rio de Janeiro - RJ, 20020-100",(21) 2544-6667
10.993.386/0001-33,2016-12-01,1,HINES GERENCIAMENTO DE PROPRIEDADES LTDA,10.422.274/0002-03,"Corpo em Forma Suplementos - Torre Norte 6º andar, Av. das Nações Unidas, 12901 - Brooklin Novo, São Paulo - SP, 04578-910",(11) 5504-7600
10.993.386/0001-33,2016-12-01,1,BTG PACTUAL SERVIÇOS FINANCEIROS S.A. DTVM,59.281.253/0001-23,"Praia de Botafogo, nº 501 - 5º andar parte - Cidade do Rio de Janeiro, Estado do Rio de Janeiro",(11) 3383-2000
11.179.118/0001-45,2016-12-01,1,SECRETARIA DA RECEITA FEDERAL DO BRASIL,00.394.460/0058-87,"Esp Dos Ministerios Bloco, 05, 7 Andar - Eixo Monumental, Brasilia-DF",(11) 3003 0146
11.179.118/0001-45,2016-12-01,1,COLLIERS INTERNATIONAL DO BRASIL CONSULTORIA LTDA,02.636.857/0001-28,"Rua das Olimpíadas, 205 1º andar",(11) 3323-0000
11.602.654/0001-01,2016-12-01,1,BTG PACTUAL SERVIÇOS FINANCEIROS S.A. DTVM,59.281.253/0001-23,"Praia de Botafogo, nº 501 - 5º andar parte - Cidade do Rio de Janeiro, Estado do Rio de Janeiro",(11) 3383-2000
11.839.593/0001-09,2016-12-31,1,Itaú Corretora de Valores S.A.,61.194.353/0001-64,"Avenida Brigadeiro Faria Lima 3400, 10º andar, CEP 04310-030, São Paulo - SP",11 3003-9285
12.323.987/0001-64,2016-12-01,1,BTG PACTUAL SERVIÇOS FINANCEIROS S.A. DTVM,59.281.253/0001-23,"Praia de Botafogo, nº 501 - 5º andar parte - Cidade do Rio de Janeiro, Estado do Rio de Janeiro",(11) 3383-2000
12.804.013/0001-00,2016-12-01,1,JURERE SC 401 INCORPORAÇÃO IMOBILIÁRIA LTDA.,14.630.884/0001-72,"Rua Frei Caneca nº 17, Loja - Florianópolis/SC",(48) 3238-8224
12.887.506/0001-43,2016-12-01,1,W&C TEC MONITORAMENTO E INSTALAÇÕES LTDA - ME,14314655000149,"Rua Duarte de Azevedo, nº 521/531, sala 207 - Santana - São Paulo/SP - CEP nº 02036-022",(11) 3360-4396
12.927.767/0001-40,2016-12-01,1,Sunset Vigilancia e Segurança Ltda,7958568000169,"Rua Marquês de Valença, nº 43, A - Tijuca -  Rio de Janeiro/RJ - CEP 20550-030",(21) 25687114
12.969.125/0001-03,2016-12-01,1,"Almeida, Rotenberg e Boscoli - Sociedade de Advogados",61074555000172,"Av. Pedroso de Moraes, nº 1.201 - Centro Cultural Ohtake - São Paulo - SP - CEP nº 05419-001",(11) 3356-1800
12.969.125/0001-03,2016-12-01,1,JP Leal Advogados SS,3042181000107,"Rua Eng. Ildefonso Simoes Lopes, nº 390 -Bairro Três Figueiras - Porto Alegre / RS - CEP nº 91.330-180",(51) 3223-7650
13.022.993/0001-44,2016-12-01,1,BTG PACTUAL SERVIÇOS FINANCEIROS S.A. DTVM,59.281.253/0001-23,"Praia de Botafogo, nº 501 - 5º andar parte - Cidade do Rio de Janeiro, Estado do Rio de Janeiro",(11) 3383-2000
13.022.993/0001-44,2016-12-01,1,VBI REAL ESTATE GESTAO DE CARTEIRAS LTDA,11.274.775/0001-71,"R. Funchal, 418 - Vila Olimpia, São Paulo - SP, 04551-060",(11) 2344-2525
13.022.993/0001-44,2016-12-01,1,ASSOCIACAO FARIA LIMA 4440,20.531.952/0001-49,"Av Brigadeiro Faria Lima, 4440 São Paulo 04538-132",(11)2103-9450
13.551.286/0001-45,2016-12-01,1,CONDOMÍNIO CENTRO EMPRESARIAL DE SÃO PAULO - CENESP,53.820.585/0001-52,"Av. Maria Coelho Aguiar, 215 - Jardim São Luís, São Paulo - SP, 05804-900",(11) 3741-8333
13.966.653/0001-71,2016-12-01,1,Prefeitura Municapal de São Paulo,49.269.236/0019-46,"Viaduto do Chá, 15 - Centro, São Paulo - SP, 01020-900",(11) 3397-5700
13.966.653/0001-71,2016-12-01,1,BTG PACTUAL SERVIÇOS FINANCEIROS S.A. DTVM,59.281.253/0001-23,"Praia de Botafogo, nº 501 - 5º andar parte - Cidade do Rio de Janeiro, Estado do Rio de Janeiro",(11) 3383-2000
13.966.653/0001-71,2016-12-01,1,THERA CORPORATE,14.778.678/0001-04,"Av. Engenheiro Luís Carlos Berrini, 105 - Itaim Bibi, São Paulo - SP, 04571-010",(11) 4237-8898
14.376.247/0001-11,2016-12-01,1,BTG PACTUAL SERVIÇOS FINANCEIROS S.A. DTVM,59.281.253/0001-23,"Praia de Botafogo, nº 501 - 5º andar parte - Cidade do Rio de Janeiro, Estado do Rio de Janeiro",(11) 3383-2000
14.376.247/0001-11,2016-12-01,1,CONDOMINIO DO EDIFICIO RIO SUL CENTER,28.128.791/0001-59,"Rua Lauro Müller, 116 - Botafogo, Rio de Janeiro - RJ, 22290-160",(21) 2295-7694
14.788.458/0001-61,2016-12-01,1,CVM,29.507.878/0002-80,"Condomínio Edifício Delta Plaza - R. Cincinato Braga, 340 - Bela Vista, São Paulo - SP, 01333-010",(11) 2146-2000
14.788.458/0001-61,2016-12-01,1,BTG PACTUAL SERVIÇOS FINANCEIROS S.A. DTVM,59.281.253/0001-23,"Cidade do Rio de Janeiro, Estado do Rio de Janeiro, na Praia de Botafogo, nº 501 - 5º andar parte",(11) 3383-2000
14.788.458/0001-61,2016-12-01,1,PRICEWATERHOUSECOOPERS AUDITORES INDEPENDENTE,61.562.112/0002-01,"Francisco Matarazzo, 1400 - 15º - Água Branca, São Paulo - SP, 05001-903",(11) 3674-2500
14.788.458/0001-61,2016-12-01,1,CETIP,09.358.105/0001-91,"Alameda Xingu, 350 - Alphaville Industrial, Barueri - SP, 06455-000",(11) 3105-2463
14.879.856/0001-93,2016-12-01,1,BTG PACTUAL SERVIÇOS FINANCEIROS S.A. DTVM,59.281.253/0001-23,"Praia de Botafogo, nº 501 - 5º andar parte - Cidade do Rio de Janeiro, Estado do Rio de Janeiro",(11) 3383-2000
14.879.856/0001-93,2016-12-01,1,Br Malls Administração e Comercialização Sul Ltda,12.531.515/0001-05,Av. Afrânio de Melo Franco 290 Sl 102 a 104 Leblon 22430060 Rio de Janeiro/RJ,(21) 3138-9901
15.461.076/0001-91,2016-12-01,1,BSH BRASIL SERVICE & HOLDING LTDA,59.944.710/0001-12,"AV.BRIGADEIRO LIMA E SILVA,1768 1A SP",(11)3813-6188
15.461.076/0001-91,2016-12-01,1,COLLIES INTERNATIONAL DO BRASIL CONSULTORIA,02.636.857/0001-28,RUA DAS OLIMPÍADAS Nº 205 1º ANDAR,(11)3323-0001
15.799.397/0001-09,2016-12-01,1,BTG PACTUAL SERVIÇOS FINANCEIROS S.A. DTVM,59.281.253/0001-23,"Praia de Botafogo, nº 501 - 5º andar parte - Cidade do Rio de Janeiro, Estado do Rio de Janeiro",(11) 3383-2000
15.799.397/0001-09,2016-12-01,1,SECRETARIA DA RECEITA FEDERAL DO BRASIL,00.394.460/0058-87,"Esp Dos Ministerios Bloco, 05, 7 Andar - Eixo Monumental, Brasilia-DF",(11) 3003 0146
17.098.794/0001-70,2016-12-01,1,Rio Bravo Investimentos LTDA.,3864607000108,"Av. Chedid Jafet, nº 222, Bloco B, 3º andar - Vila Olímpia - São Paulo/SP - Cep nº 04551-065",(11) 3509 6600
17.161.979/0001-82,2016-12-31,1,Solarium Compra e Venda de Imoveis Ltda,15599914000198,"Rua Josias Machado, 103 - Itauna - MG",37-3421.1263
17.161.979/0001-82,2016-12-31,1,JJ Chaves Contadores Sociedade Simples Ltda,94154119000162,"Roa Dona Laura, 414 - Porto Alegre - RS",51-3388.3677
17.161.979/0001-82,2016-12-31,1,Itaú Corretora de Valores S/A,61194353000164,Av Brig Faria Lima 3400 10º and. São Paulo - SP,11-2740.2575
17.282.011/0001-04,2016-12-01,1,CIBRASEC - COMPANHIA BRASILEIRA DE SECURITIZAÇÃO,02.105.040/0001-23,"Av. Paulista, 1439 - Jardim Paulista, São Paulo - SP, 01311-200",(11) 4949-3000
17.365.105/0001-47,2016-12-01,1,Prefeitura Municapal de São Paulo,49.269.236/0019-46,"Viaduto do Chá, 15 - Centro, São Paulo - SP, 01020-900",(11) 3397-5700
17.365.105/0001-47,2016-12-01,1,CONDOMINIO TOWER BRIDGE CORPORATE,19.777.368/0001-99,"Av. Jorn. Roberto Marinho, 85 - Cidade Monções, São Paulo - SP, 04575-000",
18.085.673/0001-57,2016-12-01,1,NCH BRASIL GESTORA DE RECURSOS LTDA,15.040.228/0001-82,"Av. Afranio de Melo Franco, 290 Sala 204 Rio de Janeiro/RJ 22430060",(21) 2254-5454
18.085.673/0001-57,2016-12-01,1,BTG PACTUAL SERVIÇOS FINANCEIROS S.A. DTVM,59.281.253/0001-23,"Praia de Botafogo, nº 501 - 5º andar parte - Cidade do Rio de Janeiro, Estado do Rio de Janeiro",(11) 3383-2000
19.442.626/0001-86,2016-12-01,1,CBRE CONSULTORIA DO BRASIL LTDA,51.718.575/0001-85,"Avenida das Nações Unidas, 14.171, Crystal Tower - 18º and - São Paulo/SP - CEP: 04794-000",(11) 3186 3900
20.680.775/0001-62,2016-12-01,1,BTG PACTUAL SERVIÇOS FINANCEIROS S.A. DTVM,59.281.253/0001-23,"Cidade do Rio de Janeiro, Estado do Rio de Janeiro, na Praia de Botafogo, nº 501 - 5º andar parte",(11) 3383-2000
20.680.775/0001-62,2016-12-01,1,Condomínio Ed. Praça Faria Lima,21.322.255/0001-40,"Av. Brg. Faria Lima, 905 - Pinheiros, São Paulo - SP, 05426-100",
20.680.775/0001-62,2016-12-01,1,CONDOMINIO VERA CRUZ II,22.504.901/0001-53,"Rua Caropá, 43 - Vila Madalena, São Paulo - SP",(11) 3021-8028
20.680.775/0001-62,2016-12-01,1,Prefeitura Municapal de São Paulo,49.269.236/0019-46,"Viaduto do Chá, 15 - Centro, São Paulo - SP, 01020-900",(11) 3397-5700
22.340.978/0001-35,2016-12-01,1,Saito Serviços Ltda,45408531000156,"Av. Álvaro Ramos, 1912/1924, Mooca, CEP 03330-000, São Paulo -SP",(11) 2605-2628
22.888.670/0001-29,2016-12-01,1,BTG PACTUAL SERVIÇOS FINANCEIROS S.A. DTVM,59.281.253/0001-23,"Praia de Botafogo, nº 501 - 5º andar parte - Cidade do Rio de Janeiro, Estado do Rio de Janeiro",(11) 3383-2000
26.195.121/0001-20,2016-12-31,1,Souza Cescon Barrieu FB. Soc Advogados,10687865000121,"Rua Funchal, 418 - 11º na. S.Paulo - SP",11-3089.6500
26.195.121/0001-20,2016-12-31,1,JJ Chaves Contadores Sociedade Simples Ltda,94154119000162,"Roa Dona Laura, 414 - Porto Alegre - RS",51-3388.3677
26.195.121/0001-20,2016-12-31,1,Itaú Corretora de Valores S/A,61194353000164,Av Brig Faria Lima 3400 10º and. São Paulo - SP,11-2740.2575
01.497.954/0001-14,2017-12-01,1,Castro Martini Engenheiros Associados Ltda.,02.989.103/0001-51,"Avenida Carlos Gomes, 111 CJ 1302 B - Porto Alegre/RS.",(51) 3328-2792
01.497.954/0001-14,2017-12-01,1,Bernardes de Oliviera e Martini Engenheiros Associados S/S,10.412.737/0001-31,"Avenida Carlos Gomes, 111 CJ 1302 B - Porto Alegre/RS.",(51) 3328-2792
01.497.954/0001-14,2017-12-01,1,Lippert Advogados,92.248.004/0001-01,"R Manoelito De Ornellas, 55 - 10 Andar -Porto Alegre/RS.",(51) 3227-3448
01.636.325/0001-28,2017-12-01,1,Smith Advogados Assoc,,,
03.251.720/0001-18,2017-12-01,2,Cushman & Wakefield Negócios Imobiliários,11.038.935/0001-83,"Praça Prof. José Lannes,40 3° andar",11 5501-5464
04.066.582/0001-60,2017-12-01,1,BTG PACTUAL SERVIÇOS FINANCEIROS S.A. DTVM,59.281.253/0001-23,"Praia de Botafogo, nº 501 - 5º andar parte - Cidade do Rio de Janeiro, Estado do Rio de Janeiro",(11) 3383-2000
04.066.582/0001-60,2017-12-01,1,"ARMELIN, BUENO E ADVOGADOS ASSOCIADOS",01.533.906/0001-34,"R Pequetita, 145 - Cj 63 - Vila Olimpia -SP",(11) 3372-1300
04.066.582/0001-60,2017-12-01,1,COMISSÃO DE VALORES MOBILIÁRIOS,29.507.878/002-80,"Condomínio Edifício Delta Plaza - R. Cincinato Braga, 340 - Bela Vista, São Paulo - SP, 01333-010",0800 025 9666
04.066.582/0001-60,2017-12-01,1,ITAÚ CORRETORA DE VALORES S.A.,61.194.353/0001-64,"Rua Álvares Penteado, 218 - Itaim Bibi, São Paulo - SP, 01012-000",(11) 4004-3131
04.141.645/0001-03,2017-12-01,1,Itaú Corretora de Valores S/A,61194353000164,Av Brig Faria Lima 3400 10º and. São Paulo - SP,11-2740.2575
04.782.236/0001-88,2017-12-01,1,Furtado Neto Advogados Associados,04.158.467/0001-45,"Rua Ministro Calogeras, 343 - 3º andares - Centro - Joinville - SC.",(47) 2105-3393
04.782.236/0001-88,2017-12-01,1,Perville Engenharia e Empreendimento Imobiliarios Ltda.,75.491.613/0005-00,"Rua Dona Francisca,8.300 - Bloco Z - Distrito Industrial - Joinville - SC.",(47) - 3803-2211
04.782.236/0001-88,2017-12-01,1,Tricon Assessoria Imobiliaria Ltda.,00.758.145/0001-56,"Rua Dona Francisca,8.300 - Bloco L - Sala 15 -  Distrito Industrial - Joinville - SC.",(47) 99911-9253
04.782.236/0001-88,2017-12-01,1,JFS Consultoria Empresarial Ltda.,05.816.237/0001-69,"Rua Hugo Raimann, 123 - Anita Garibaldi - Joinville - SC.",(47) - 3803-2200
05.437.916/0001-27,2017-12-01,1,Predial Prime Serviços e Instalações ME,25343277000148,"Praça Cívica, 76 - 1º andar - Lapa - São Paulo - SP",(11) 3477-7550
05.437.916/0001-27,2017-12-01,1,DKR Serviços e Comércio de Material Elétrico e Hidráulico,27428562000197,"Rua Tuiuti, 75 - São Cristovão - Rio de Janeiro - RJ",(21) 2567-4765
05.437.916/0001-27,2017-12-01,1,JZ Engenharia e Comércio LTDA,58004714000158,"Av. Marquês de são Vicente, 1.619 - 20º andar - Barra Funda - São Paulo - SP",(11) 3526-6226
05.437.916/0001-27,2017-12-01,1,Atala Elmor Engenharia e Construções Eirelli,567425000187,"Rua Bento Freitas, 341 - Vila Buarque - São Paulo - SP",(11) 3256-8628
05.437.916/0001-27,2017-12-01,1,Colliers International do Brasil Consultoria LTDA,2636857000128,"Rua Olimpíadas, 205 - 1º andar - Conj 12 - Vila Olímpia - São Paulo - SP",(11) 3323-1827
05.437.916/0001-27,2017-12-01,1,GSS Serviços Administrativos e de Portaria,8621572000180,"Av. das Américas, 14.205 - Sala 102 - Recreio dos Bandeirantes - Rio de Janeiro - RJ",(21) 3866-8779
05.437.916/0001-27,2017-12-01,1,Cushman & Wakefield Serviços Gerais LTDA,5752618000121,"Alameda Araguaia, 2.044 - Bloco 1 - 13º andar - Sala 1312 - Barueri - São Paulo - SP",(11) 3513-6722
05.562.312/0001-02,2017-12-01,1,THIAGO NOGUEIRA DE CAMARGO BITTENCOURT,04.338.989/0001-07,"Al Fernao Cardim, 166, Apt 71, Jardim Paulista, Sao Paulo, SP, CEP 01403-020, Brasil",(11) 3337-1554
05.562.312/0001-02,2017-12-01,1,ENGEARQ CONSTRUCOES LTDA,05.562.312/0001-02,Av. Pastor Martin Luther King Jr. 126 BLc 9 Sal 1306 Tor Del Castilho,(21) 2580 - 1818
05.562.312/0001-02,2017-12-01,1,ELEVADORES ATLAS SCHINDLER S.A.,00.028.986/0001-08,Av. N/S de Fatima 25 Centro CEP: 20240-050,(21) 3806 - 9518
05.562.312/0001-02,2017-12-01,1,ANA PAULA SOUZA DE MATTOS ME,15.546.313/0001-17,"Rua Henrique Fruchtenicht,78 - Santo Andre",(51) 99564-6726
05.562.312/0001-02,2017-12-01,1,CWR CONSTRUCOES REFORMAS E COMERCIA LTDA,07.681.401/0001-01,Rua Ricardo Machado 895 - Vasco da Gama CEP: 20921.270,(21) 2580-1334
06.175.262/0001-73,2017-12-01,1,Itaú Corretora de Valores S.A.,61.194.353/0001-64,"Avenida Brigadeiro Faria Lima 3400, 10º andar, CEP 04310-030, São Paulo - SP",11 3003-9285
07.352.632/0001-63,2017-12-01,1,BTG PACTUAL SERVIÇOS FINANCEIROS S.A. DTVM,59.281.253/0001-23,"Praia de Botafogo, nº 501 - 5º andar parte - Cidade do Rio de Janeiro, Estado do Rio de Janeiro",(11) 3383-2000
07.352.632/0001-63,2017-12-01,1,RODOBENS LOCACAO DE IMOVEIS LTDA,07.352.632/0001-63,"R. Estado de Israel, 975 - Vila Clementino, São Paulo - SP, 04022-901",(11) 2124-8700
07.583.627/0001-61,2017-12-01,1,Não aplicável,0,Não aplicável,0
07.583.627/0001-61,2017-12-01,1,Não aplicável,0,Não aplicável,0
07.583.627/0001-61,2017-12-01,1,Não aplicável,0,Não aplicável,0
07.583.627/0001-61,2017-12-01,1,Não aplicável,0,Não aplicável,0
07.583.627/0001-61,2017-12-01,1,Não aplicável,0,Não aplicável,0
07.583.627/0001-61,2017-12-01,1,Não aplicável,0,Não aplicável,0
08.014.513/0001-63,2017-12-01,1,BTG PACTUAL SERVIÇOS FINANCEIROS S.A. DTVM,59.281.253/0001-23,"Praia de Botafogo, nº 501 - 5º andar parte - Cidade do Rio de Janeiro, Estado do Rio de Janeiro",(11) 3383-2000
08.014.513/0001-63,2017-12-01,1,ITAÚ CORRETORA DE VALORES S.A.,61.194.353/0001-64,"Rua Álvares Penteado, 218 - Itaim Bibi, São Paulo - SP, 01012-000",(11) 4004-3131
08.098.114/0001-28,2017-12-01,1,BRAZILIAN SECURITIES COMPANHIA DE SECURITIZAÇÃO,03.767.538/0001-14,"Av. Paulista Nº 1.374, 17º Andar",(11) 3253 9304
08.610.522/0001-17,2017-06-01,1,BTG PACTUAL SERVIÇOS FINANCEIROS S.A. DTVM,59.281.253/0001-23,"Praia de Botafogo, nº 501 - 5º andar parte - Cidade do Rio de Janeiro, Estado do Rio de Janeiro",(11) 3383-2000
08.610.522/0001-17,2017-06-01,1,ERNST & YOUNG TERCO AUDITORES INDEPENDENTES S/S,61.366.936/0001-25,"Av. Chedid Jafet, 75 - Vila Olimpia, São Paulo - SP",(11) 2573-3000
09.276.964/0001-31,2017-12-01,1,BTG PACTUAL SERVIÇOS FINANCEIROS S.A. DTVM,59.281.253/0001-23,"Praia de Botafogo, nº 501 - 5º andar parte - Cidade do Rio de Janeiro, Estado do Rio de Janeiro",(11) 3383-2000
10.375.382/0001-91,2017-12-01,1,BTG PACTUAL SERVIÇOS FINANCEIROS S.A. DTVM,59.281.253/0001-23,"Praia de Botafogo, nº 501 - 5º andar parte - Cidade do Rio de Janeiro, Estado do Rio de Janeiro",(11) 3383-2000
10.456.799/0001-89,2017-12-01,1,Condominio Viva Open Mall,,"Avenida Dr. Nilo Peçanha, 3228 Porto Alegre/RS.",51 - 3073-7130
11.026.627/0001-38,2017-12-01,1,LEFOSSE ADVOGADOS,57.756.694/0001-09,R. Tabapuã 1227 14º Andar São Paulo CEP: 04533-014,
11.179.118/0001-45,2017-12-01,1,ERNST & YOUNG TERCO AUDITORES INDEP,61.366.936/0001-25,"Av. Chedid Jafet, 75 - Vila Olimpia, São Paulo - SP",(11) 2573-3000
11.274.415/0001-70,2017-12-01,1,GRC 02 INCORPORAÇÕES E PARTICIPAÇÕES LTDA,22.839.398/0001-97,Av. Bartolomeu Mitre 336 Leblon,
11.274.415/0001-70,2017-12-01,1,BTG PACTUAL SERVIÇOS FINANCEIROS S.A. DTVM,59.281.253/0001-23,"Cidade do Rio de Janeiro, Estado do Rio de Janeiro, na Praia de Botafogo, nº 501 - 5º andar parte",(11) 3383-2000
11.602.654/0001-01,2017-12-01,1,BTG PACTUAL SERVIÇOS FINANCEIROS S.A. DTVM,59.281.253/0001-23,"Praia de Botafogo, nº 501 - 5º andar parte - Cidade do Rio de Janeiro, Estado do Rio de Janeiro",(11) 3383-2000
11.602.654/0001-01,2017-12-01,1,THIAGO NOGUEIRA DE CAMARGO BITTENCOURT,04.338.989/0001-07,"Al. Fernão Cardim nº 166, apto 71 - Jardim Paulista CEP: 01403-020 - SP",
11.602.654/0001-01,2017-12-01,1,PEDREIRA DE FREITAS LTDA,11.602.654/0001-01,Rua Professor Oswaldo Teixeira nº 349 Terreo CEP 05617-020 - Bairro Vila Progredior,11 2039 1212
11.602.654/0001-01,2017-12-01,1,SANRLEI DAIANE DA SILVA POLINI ME,18.159.023/0001-09,"Al. Araguaia, 750 - Sala 206 - Alphaville Centro Industrial e Empre/ Alphaville",11 4208 7287
11.839.593/0001-09,2017-12-01,3,Itaú Corretora de Valores S.A.,61.194.353/0001-64,"Avenida Brigadeiro Faria Lima 3400, 10º andar, CEP 04310-030, São Paulo - SP",11 3003-9285
12.323.955/0001-69,2017-12-01,1,BTG PACTUAL SERVIÇOS FINANCEIROS S.A. DTVM,59.281.253/0001-23,"Praia de Botafogo, nº 501 - 5º andar parte - Cidade do Rio de Janeiro, Estado do Rio de Janeiro",(11) 3383-2000
12.323.955/0001-69,2017-12-01,1,Br Malls Administração e Comercialização Sul Ltda,12.531.515/0001-05,Av. Afrânio de Melo Franco 290 Sl 102 a 104 Leblon 22430060 Rio de Janeiro/RJ,(21) 3138-9901
12.323.987/0001-64,2017-12-01,1,CETIP,09.358.105/0001-91,"Alameda Xingu, 350 - Alphaville Industrial, Barueri - SP, 06455-000",(11) 3105-2463
12.323.987/0001-64,2017-12-01,1,COMISSÃO DE VALORES MOBILIÁRIOS,29.507.878/0002-80,"Condomínio Edifício Delta Plaza - R. Cincinato Braga, 340 - Bela Vista, São Paulo - SP",0800 025 9666
12.401.858/0001-47,2017-06-01,1,Gaia Securitizadora S.A,07.587.384/0001-30,"Rua do Rocio nº 288, 1º andar, Vila Olímpia",(11) 3047-1010
12.887.506/0001-43,2017-12-01,1,W&C TEC MONITORAMENTO E INSTALAÇÕES LTDA - ME,14314655000149,"Rua Duarte de Azevedo, nº 521/531, sala 207 - Santana - São Paulo/SP - CEP nº 02036-022",(11) 3360-4396
12.927.767/0001-40,2017-12-01,1,Sunset Vigilancia e Segurança Ltda,7958568000169,"Rua Marquês de Valença, nº 43, A - Tijuca -  Rio de Janeiro/RJ - CEP 20550-030",(21) 25687114
12.927.767/0001-40,2017-12-01,1,Líder Serviços Gerais Eireli,23211179000121,"Avenida Embaixador Abelardo Bueno, 01, BL 01, sala 311E - Jacarepaguá - CEP 22775-022 - Rio de Janeiro",(21)3298-9002
12.927.767/0001-40,2017-12-01,1,Ponto Forte Segurança e Vigilância Ltda.,7499430000149,"Rua Barros Barreto, 79 - Bonsuccesso - CEP 21032-140 - Rio de Janeiro",(21) 2456-5876
12.969.125/0001-03,2017-12-01,1,"Almeida, Rotenberg e Boscoli - Sociedade de Advogados",61074555000172,"Av. Pedroso de Moraes, nº 1.201 - Centro Cultural Ohtake - São Paulo - SP - CEP nº 05419-001",(11) 3356-1800
12.969.125/0001-03,2017-12-01,1,VNP Advogados,3042181000107,"Rua Prof. Atílio Innocenti, 474 - Vila Nova Conceição, São Paulo - SP",(11) 3043-8400
13.022.993/0001-44,2017-12-01,1,VBI REAL ESTATE GESTAO DE CARTEIRAS LTDA,11.274.775/0001-71,"R. Funchal, 418 - Vila Olimpia, São Paulo - SP, 04551-060",(11) 2344-2525
13.551.286/0001-45,2017-12-01,2,CEM CONSTRUTORA LTDA,26.777.206/0001-16,R. Geraldo Flausino Gomes 85 Cidade Monções CEP: 04575-060,(11) 5505-0922
13.966.653/0001-71,2017-12-01,1,CB RICHARD ELLIS LTDA,51.718.575/0002-66,R. Visc de Inhauma 83 14º andar Centro CEP: 20091-007,(21) 2543-4345
13.966.653/0001-71,2017-12-01,1,SEMPRE ENGENHARIA COMERCIO E REPRESENTACOES LTDA,69.066.108/0001-83,R. Paulo de Avelar 250 Parada Inglesa CEP: 02243-010 São Paulo/SP,(11) 2972 - 7260
14.217.108/0001-45,2017-12-01,2,Furtado Neto Advogados Associados,04.158.467/0001-45,"Rua Ministro Calogeras, 343 - 3º andares - Centro - Joinville - SC.",(47) 2105-3393
14.217.108/0001-45,2017-12-01,2,Perville Engenharia e Empreendimento Imobiliarios Ltda.,75.491.613/0005-00,"Rua Dona Francisca,8.300 - Bloco Z - Distrito Industrial - Joinville - SC.",(47) - 3803-2200
14.376.247/0001-11,2017-12-01,1,BANCO OURINVEST,78.632.767/0001-20,"AV PAULISTA, 1728 - SOBRELOJA E 2º ANDAR -  SAO PAULO - SP, CEP 01310-200",(55 11) 4081-4444
14.376.247/0001-11,2017-12-01,1,Banco Brascan,33.923.111/0002-00 ,"R Alvares Penteado, 218 S Paulo - SP 01012-000",(11) 3104-6258
14.376.247/0001-11,2017-12-01,1,Banco Citibank S.A.,33.479.023/0001-80,"AV PAULISTA, 1111 - 2º ANDAR - PARTE - SAO PAULO - SP, CEP 01311-920",(55 11) 4009-7171
14.788.458/0001-61,2017-12-01,1,KPMG,05.490.840/0004-46,"Edifício EZ Towers - Rua Arquiteto Olavo Redig de Campos, 105 - Torre A - Chácara Santo Antônio, São Paulo - SP",(11) 3940-1500
14.788.458/0001-61,2017-12-01,1,PRICEWATERHOUSECOOPERS AUDITORES INDEPENDENTE,61.562.112/0002-01,"Francisco Matarazzo, 1400 - 15º - Água Branca, São Paulo - SP, 05001-903",(11) 3674-2500
14.788.458/0001-61,2017-12-01,1,BTG PACTUAL SERVIÇOS FINANCEIROS S.A. DTVM,59.281.253/0001-23,"Cidade do Rio de Janeiro, Estado do Rio de Janeiro, na Praia de Botafogo, nº 501 - 5º andar parte",(11) 3383-2000
14.788.458/0001-61,2017-12-01,1,CETIP,09.358.105/0001-91,"Alameda Xingu, 350 - Alphaville Industrial, Barueri - SP, 06455-000",(11) 3105-2463
14.879.856/0001-93,2017-12-01,1,Br Malls Administração e Comercialização Sul Ltda,12..53.1.5/15/0-00,Av. Afrânio de Melo Franco 290 Sl 102 a 104 Leblon 22430060 Rio de Janeiro/RJ,(21) 3138-9901
15.348.117/0001-38,2017-12-01,1,MOISES FREIRE ADVOCACIA,5249760000150,"Rua Bambui, 242, Serra, CEP 30210-490, Belo Horizonte/MG",(31) 3287-1412
15.348.117/0001-38,2017-12-01,1,YPC YORK & PARTNERS CONSULTORIA LTDA,8587588000133,,(11) 3101-1257
15.348.117/0001-38,2017-12-01,1,ITAU CORRETORA DE VALORES S.A.,61194353000164,"Av. Brig. Faria Lima, 3500, 3º Andar, Jd Paulistano, São Paulo/SP",(11) 3003-4828
15.461.076/0001-91,2017-12-01,1,BSH BRASIL SERVICE & HOLDING LTDA,59.944.710/0001-12,"AV.BRIGADEIRO LIMA E SILVA,1768 1A SP",(11)3813-6188
15.461.076/0001-91,2017-12-01,1,COLLIES INTERNATIONAL DO BRASIL CONSULTORIA,02.636.857/0001-28,RUA DAS OLIMPÍADAS Nº 205 1º ANDAR,(11)3323-0001
15.799.397/0001-09,2017-12-01,1,CB RICHARD ELLIS LTDA,51.718.575/0002-66,R. Visc de Inhauma 83 14º andar Centro CEP: 20091-007,(21) 2543-4345
16.671.412/0001-93,2017-12-01,2,SDI Administração de Bens Ltda,9349506000185,"Rua Hungria, 514 - 10 andar CJ 101 SL 6 - São Paulo SP",(11) 4280-4300
17.098.794/0001-70,2017-12-01,1,Rio Bravo Investimentos LTDA.,3864607000108,"Av. Chedid Jafet, nº 222, Bloco B, 3º andar - Vila Olímpia - São Paulo/SP - Cep nº 04551-065",(11) 3509 6600
17.161.979/0001-82,2017-12-01,1,Godinho e Gontijo Advogados- ME,03.514.812/0001-43,"Rua Paraíba, 1352, Savassi- Belo Horizonte - MG",31-3281.9699
17.161.979/0001-82,2017-12-01,1,JJ Chaves Contadores Sociedade Simples Ltda,94154119000162,"Roa Dona Laura, 414 - Porto Alegre - RS",51-3388.3677
17.161.979/0001-82,2017-12-01,1,Itaú Corretora de Valores S/A,61194353000164,Av Brig Faria Lima 3400 10º and. São Paulo - SP,11-2740.2575
17.282.011/0001-04,2017-12-01,1,CIBRASEC - COMPANHIA BRASILEIRA DE SECURITIZAÇÃO,02.105.040/0001-23,"Av. Paulista, 1439 - Jardim Paulista, São Paulo - SP, 01311-200",(11) 4949-3000
17.365.105/0001-47,2017-12-01,1,TS CONSULTORIA IMOBILIARIA LTDA,10.262.910/0001-04,"Avenida das Nações Unidas, 12.901 - Brooklin Paulista, São Paulo - SP, 04578-910",(11) 3028-7400
20.680.775/0001-62,2017-12-01,1,BTG PACTUAL SERVIÇOS FINANCEIROS S.A. DTVM,59.281.253/0001-23,"Cidade do Rio de Janeiro, Estado do Rio de Janeiro, na Praia de Botafogo, nº 501 - 5º andar parte",(11) 3383-2000
20.680.775/0001-62,2017-12-01,1,FREC PARTICIPACOES LTDA,05.424.121/0001-84,"Av. Presidente Juscelino Kubitschek, 1600 - 6º andar sala 1",-11
20.680.775/0001-62,2017-12-01,1,CB Richard Ellis S/C,01.764.437/0001-64,"Av das Nações Unidas, 14171 - Rochaverá - Crystal Tower -  18º andar - SP - CEP: 04794-00",
22.888.670/0001-29,2017-12-01,1,BTG PACTUAL SERVIÇOS FINANCEIROS S.A. DTVM,59.281.253/0001-23,"Praia de Botafogo, nº 501 - 5º andar parte - Cidade do Rio de Janeiro, Estado do Rio de Janeiro",(11) 3383-2000
26.195.121/0001-20,2017-12-01,1,Souza Cescon Barrieu FB. Soc Advogados,10687865000121,"Rua Funchal, 418 - 11º na. S.Paulo - SP",11-3089.6500
26.195.121/0001-20,2017-12-01,1,JJ Chaves Contadores Sociedade Simples Ltda,94154119000162,"Roa Dona Laura, 414 - Porto Alegre - RS",51-3388.3677
26.195.121/0001-20,2017-12-01,1,Itaú Corretora de Valores S/A,61194353000164,Av Brig Faria Lima 3400 10º and. São Paulo - SP,11-2740.2575
26.195.121/0001-20,2017-12-01,1,Advocacia Cunha Ferraz,00.087.906/0001-95,"Av. Brig Faria Lima, 1461 - 6º andar São Paulo-SP",11-3104.7183
26.614.291/0001-00,2017-06-01,3,ITAÚ CORRETORA DE VALORES S/A,61.194.353/0001-64,"Av. Brig. Faria Lima, 3500 - 3° andar",
26.614.291/0001-00,2017-06-01,3,CM Capital Markets DTVM Ltda,02.671.743/0001-19,"Rua Gomes de Carvalho, 1195 - 4º andar",(11) 3842-1122
26.990.011/0001-50,2017-12-01,1,JJ Chaves Contadores Sociedade Simples Ltda,94154119000162,"Roa Dona Laura, 414 - Porto Alegre - RS",51-3388.3677
26.990.011/0001-50,2017-12-01,1,Itaú Corretora de Valores S/A,61194353000164,Av Brig Faria Lima 3400 10º and. São Paulo - SP,11-2740.2575
26.990.011/0001-50,2017-12-01,1,Vitale Bicalho e Dias Soc Advogados,27977626000109,Rua Leopoldo Couto de Magalhães Jr. 758 conj 131,11-3181.8833
26.990.011/0001-50,2017-12-01,1,Iegoroff e Sanches Soc Advogados,26072161000265,Rua Dr Eduardo de Souza Aranha 387 - 15º andar,11-3897.0333
27.529.279/0001-51,2017-12-01,1,DIGITAL IMPRESSOES DE DADOS VARIAVEIS LTDA,04.025.687/0001-70,"Av. Dep. Emílio Carlos, 2502 - Limão, São Paulo - SP, 02720-200",(11) 2608-7700
27.529.279/0001-51,2017-12-01,1,PRICEWATERHOUSECOOPERS AUDITORES INDEPENDENTE,61.562.112/0002-01,"Av. Eusébio Matoso, 891 - Pinheiros, São Paulo - SP, 05423-180",(11) 3031-7657
28.152.272/0001-26,2017-12-01,3,REC Gestão de Recursos S.A.,22.828.968/0001-43,"Rua Joaquim Floriano, nº 466, Edifício Brascan Century Office, Torre B, 1º pavimento, conjunto 105",2767 6304
28.152.272/0001-26,2017-12-01,3,Não aplicável,0,Não aplicável,0
28.152.272/0001-26,2017-12-01,3,Não aplicável,0,Não aplicável,0
28.152.272/0001-26,2017-12-01,3,Não aplicável,0,Não aplicável,0
28.152.272/0001-26,2017-12-01,3,Não aplicável,0,Não aplicável,0
28.152.272/0001-26,2017-12-01,3,Não aplicável,0,Não aplicável,0
01.497.954/0001-14,2018-12-01,1,Castro Martini Engenheiros Associados Ltda.,02.989.103/0001-51,"Avenida Carlos Gomes, 111 CJ 1302 B - Porto Alegre/RS.",(51) 3328-2792
01.497.954/0001-14,2018-12-01,1,Bernardes de Oliviera e Martini Engenheiros Associados S/S,10.412.737/0001-31,"Avenida Carlos Gomes, 111 CJ 1302 B - Porto Alegre/RS.",(51) 3328-2792
01.497.954/0001-14,2018-12-01,1,Lippert Advogados,92.248.004/0001-01,"R Manoelito De Ornellas, 55 - 10 Andar -Porto Alegre/RS.",(51) 3227-3448
01.636.325/0001-28,2018-12-01,1,Smith Advogados Assoc,,,
01.657.856/0001-05,2018-12-01,1,Itaú Corretora de Valores S/A,61194353000164,Av Brig Faria Lima 3400 10º and. São Paulo - SP,11-2740.2575
04.141.645/0001-03,2018-12-01,1,Itaú Corretora de Valores S/A,61194353000164,Av Brig Faria Lima 3400 10º and. São Paulo - SP,11-2740.2575
05.562.312/0001-02,2018-12-01,1,CWR CONSTRUCOES REFORMAS E COMERCIO LTDA ME,07.681.401/0001-01,Rua Ricardo Machado 895 - Vasco da Gama CEP: 20921.270,(21) 2580-1334
05.562.312/0001-02,2018-12-01,1,HINES GERENCIAMENTO DE PROPRIEDADES,10.422.274/0002-03,"Avenida Almt Barroso, 81 - sala 1601 - Centro, Rio de Janeiro/RJ - CEP: 20031-004",(11) 5504-7463
05.562.312/0001-02,2018-12-01,1,M A CAMPOS L CORREA CONSULTORIA EMPRESARIAL - EPP,24.375.627/0001-95,"Avenida Pres. Vargas, 633 - sala 914 - Centro, Rio de Janeiro/RJ - CEP: 20071-905",(21) 3215-6813
05.562.312/0001-02,2018-12-01,1,GERPRO ENGENHARIA LTDA,10.518.679/0001-69,"Avenida Rio Branco, 181 - sala 2104 e 2105 - Centro, Rio de Janeiro/RJ - CEP: 20040-918",(21) 2215-1132
06.175.262/0001-73,2018-12-01,1,Itaú Corretora de Valores S.A.,61.194.353/0001-64,"Avenida Brigadeiro Faria Lima 3400, 10º andar, CEP 04310-030, São Paulo - SP",11 3003-9285
07.000.400/0001-46,2018-12-01,1,Cushman & Wakefield Consultoria Imobiliária Ltda,02.730.611/0001-10,"Al Araguaia 2044, Bloco 1, sala 1312",(61) 99244 4878
07.583.627/0001-61,2018-12-01,1,,0,,0
07.583.627/0001-61,2018-12-01,1,,0,,0
07.583.627/0001-61,2018-12-01,1,,0,,0
07.583.627/0001-61,2018-12-01,1,,0,,0
07.583.627/0001-61,2018-12-01,1,,0,,0
07.583.627/0001-61,2018-12-01,1,,0,,0
08.014.513/0001-63,2018-12-01,1,"PELUSO, STUPP E GUARITA ADVOGADOS",08.806.957/0001-06,"Av. Angelica 02582 - Consolação - São Paulo, SP",(11) 3637-3078
08.706.065/0001-69,2018-12-01,1,HOTEL VENTURES ASSESSORIA E CONSULTORIA EM TURISMO LTDA,03.558.771/0001-97,"Av Brigadeiro Faria Lima 01912, conj 20j - São Paulo, SP",(11) 5511-0244
08.706.065/0001-69,2018-12-01,1,HOTEL PARTNERS ASSESSORIA EM TURISMO LTDA,03.593.755/0001-35,"Av Brigadeiro Faria Lima 01912, conj 20 - São Paulo, SP",(11) 3728-8100
09.326.861/0001-39,2018-12-01,1,ALIANSCE ADMINISTRAÇÃO DE EMPREENDIMENTOS COMERCIAIS LTDA,08.207.775/0001-44,"Rua Dias Ferreira, 190, sala 301 - Rio de Janeiro/RJ",(21) 2176-7272
10.427.246/0001-06,2018-12-01,1,"Correia, Fleury, Gama e Silva Sociedade de Advogados",23.303.310/0001-80,"R. Ramos Batista 198 - São Paulo, SP",(11) 5180 5700
10.427.246/0001-06,2018-12-01,1,HINES GERENCIAMENTO DE PROPRIEDADES,10.422.274/0002-03,"Avenida Almt Barroso, 81 - sala 1601 - Centro, Rio de Janeiro/RJ - CEP: 20031-004",(11) 5504-7463
10.456.799/0001-89,2018-12-01,1,Condominio Viva Open Mall,,"Av. Dr. Nilo Peçanha, 3228 - Porto Alegre/RS",51 - 3073-7130
11.026.627/0001-38,2018-04-01,1,LEFOSSE ADVOGADOS,57.756.694/0001-09,R. Tabapuã 1227 14º Andar São Paulo CEP: 04533-014,
11.602.654/0001-01,2018-12-01,1,BTG PACTUAL SERVIÇOS FINANCEIROS S.A. DTVM,59.281.253/0001-23,"Praia de Botafogo, nº 501 - 5º andar parte - Cidade do Rio de Janeiro, Estado do Rio de Janeiro",(11) 3383-2000
11.602.654/0001-01,2018-12-01,1,THIAGO NOGUEIRA DE CAMARGO BITTENCOURT,04.338.989/0001-07,"Al. Fernão Cardim nº 166, apto 71 - Jardim Paulista CEP: 01403-020 - SP",
11.839.593/0001-09,2018-12-01,1,Itaú Corretora de Valores S.A.,61194353000164,"Avenida Brigadeiro Faria Lima 3400, 10º andar, CEP 04310-030, São Paulo - SP",11 3003-9285
12.323.955/0001-69,2018-12-01,1,LESTE REAL ESTATE CONSULTORIA IMOBILIÁRIA LTDA,28.758.934/0001-06,"Rua Dias Ferreira, 190, sala 601, Leblon - Rio de Janeiro/RJ - CEP: 22431-050",(21) 2252-5294
12.887.506/0001-43,2018-12-01,1,W&C TEC MONITORAMENTO E INSTALAÇÕES LTDA - ME,14314655000149,"Rua Duarte de Azevedo, nº 521/531, sala 207 - Santana - São Paulo/SP - CEP nº 02036-022",(11) 3360-4396
12.927.767/0001-40,2018-12-01,1,Líder Serviços Gerais Eireli,23.211.179/0001-21,"Avenida Embaixador Abelardo Bueno, 01, BL 01, sala 311E - Jacarepaguá - CEP 22775-022 - Rio de Janeiro",(21)3298-9002
12.969.125/0001-03,2018-12-01,1,"Almeida, Rotenberg e Boscoli - Sociedade de Advogados",61074555000172,"Av. Pedroso de Moraes, nº 1.201 - Centro Cultural Ohtake - São Paulo - SP - CEP nº 05419-001",(11) 3356-1800
12.969.125/0001-03,2018-12-01,1,VNP Advogados,3042181000107,"Rua Prof. Atílio Innocenti, 474 - Vila Nova Conceição, São Paulo - SP",(11) 3043-8400
12.969.125/0001-03,2018-12-01,1,PriceWaterHouseCoopers Auditores Independentes,61.562.112/0001-20,"Av. Eusébio Matoso, 891",(11) 3031-7657
12.969.125/0001-03,2018-12-01,1,JP Leal Advogados SS,03.042.181/0001-07,"Rua Eng. Ildefonso Simões Lopes, 390, Porto Alegre/RS",(51) 3223-7650
12.969.125/0001-03,2018-12-01,1,Negrão Ferrari Sociedade de Advogados,10.336.302/0001-99,"Rua Olimpíadas, 134, 9º andar, São Paulo/SP",(11) 3047-0777
12.969.125/0001-03,2018-12-01,1,Diaz Rosa Sociedade de Advogados,30.686.676/0001-41,"Rua Coronel Adriano Machado, 104, São Paulo/SP",(11) 5641-1995
12.989.974/0001-29,2018-12-01,1,Líder Serviços Gerais Eireli,23.211.179/0001-21,"Avenida Embaixador Abelardo Bueno, 01, BL 01, sala 311E - Jacarepaguá - CEP 22775-022 - Rio de Janeiro",(21)3298-9002
13.920.018/0001-53,2018-12-01,1,Intrader D.T.V.M. Ltda,15489568000195,"RUA RAMOS  BATISTA, 152, 1º ANDAR, VILA OLIMPIA, SÃO PAULO/SP",11-31985900
13.920.018/0001-53,2018-12-01,1,GOULART & COLEPICOLO ADVOGADOS ASSOCIADOS,3688091000198,"Alameda Santos, 200 - 4º andar, Cerqueira César, São Paulo/SP",11-32536256
14.376.247/0001-11,2018-12-01,1,FG/A CONSULTORIA E GESTÃO DE ATIVOS LTDA,27.620.408/0001-12,"R IGUATEMI 00192, CJ 203 E VGS",(11) 3586-1915
14.788.458/0001-61,2018-06-01,1,CETIP,09.358.105/0001-91,"Alameda Xingu, 350 - Alphaville Industrial, Barueri - SP, 06455-000",(11) 3105-2463
14.788.458/0001-61,2018-06-01,1,CVM,29.507.878/0002-80,"Condomínio Edifício Delta Plaza - R. Cincinato Braga, 340 - Bela Vista, São Paulo - SP, 01333-010",(11) 2146-2000
15.006.267/0001-63,2018-12-01,1,CBRE Consultoria do Brasil LTDA,51.718.575/0001-85,"Av das Nações Unidas 14171 - São Paulo, SP",(11) 4064 4041
15.348.117/0001-38,2018-12-01,1,MOISES FREIRE ADVOCACIA,5249760000150,"Rua Bambui, 242, Serra, CEP 30210-490, Belo Horizonte/MG",(31) 3287-1412
15.348.117/0001-38,2018-12-01,1,YPC YORK & PARTNERS CONSULTORIA LTDA,8587588000133,,(11) 3101-1257
15.348.117/0001-38,2018-12-01,1,ITAU CORRETORA DE VALORES S.A.,61194353000164,"Av. Brig. Faria Lima, 3500, 3º Andar, Jd Paulistano, São Paulo/SP",(11) 3003-4828
15.461.076/0001-91,2018-12-01,1,BSH BRASIL SERVICE & HOLDING LTDA,59.944.710/0001-12,"AV.BRIGADEIRO LIMA E SILVA,1768 1A SP",(11)3813-6188
15.461.076/0001-91,2018-12-01,1,COLLIES INTERNATIONAL DO BRASIL CONSULTORIA,02.636.857/0001-28,RUA DAS OLIMPÍADAS Nº 205 1º ANDAR,(11)3323-0001
17.098.794/0001-70,2018-12-01,1,Rio Bravo Investimentos LTDA.,3864607000108,"Av. Chedid Jafet, nº 222, Bloco B, 3º andar - Vila Olímpia - São Paulo/SP - Cep nº 04551-065",(11) 3509 6600
17.161.979/0001-82,2018-12-01,1,Godinho e Gontijo Advogados- ME,3514812000162,"Rua Paraíba, 1352, Savassi- Belo Horizonte - MG",31-3281.9699
17.161.979/0001-82,2018-12-01,1,JJ Chaves Contadores Sociedade Simples Ltda,94154119000162,"Roa Dona Laura, 414 - Porto Alegre - RS",51-3388.3677
17.161.979/0001-82,2018-12-01,1,Itaú Corretora de Valores S/A,61194353000164,Av Brig Faria Lima 3400 10º and. São Paulo - SP,11-2740.2575
18.874.965/0001-79,2018-12-01,1,GOULART & COLEPICOLO ADVOGADOS,03.688.091/0001-98,"Rua da Bahia n 1900 6º andar, Lourdes, Belo Horizonte - MG, 30.160-011.",(31) 3029-4878
20.118.470/0001-61,2018-12-01,2,ITAU CORRETORA DE VALORES S.A,61194353000164,AV BRIG FARIA LIMA 3400 10 ANDAR ITAIM BIBI SAO PAULO SP,11-40043131
20.118.470/0001-61,2018-12-01,2,GOULART & COLEPICOLO ADVOGADOS ASSOCIADOS,3688091000198,AV. PRESIDENTE JUSCELINO KUBITSCHEK 1600 1 ANDAR CJ 11 ITAIM BIBI SÃO PAULO SPS,11-31985917
20.118.470/0001-61,2018-12-01,2,BRL TRUST DTVM S.A.,13486793000142,RUA IGUATEMI 151 19 ANDAR ITAIM BIBI SAO PAULO SP,11-31985917
20.118.470/0001-61,2018-12-01,2,YORK & PARTNERS CONSULTORIA SS LTDA,8587588000133,RUA DOM BERNARDO NOGUEIRA 479 18 ANDAR VILA GUMERCINDO SAO PAULO SP,11-31985917
20.680.775/0001-62,2018-12-01,1,CBRE Consultoria do Brasil LTDA,51.718.575/0001-85,"Av das Nações Unidas 14171 - São Paulo, SP",(11) 4064 4041
20.787.427/0001-99,2018-12-01,1,ORION PROJETOS E EMPREENDIMENTOS LTDA,03.643.287/0001-66,"Av.Andrade Neves, nº 002538 Sala E - Campinas, SP",(11) 5070 0200
22.081.808/0001-83,2018-12-01,1,ITAU CORRETORA DE VALORES S.A,61194353000164,"AV BRIG FARIA LIMA, 3400, 10º ANDAR, ITAIM BIBI, SÃO PAULO/SP",(11) 3003-4828
22.081.808/0001-83,2018-12-01,1,"COUTINHO, LACERDA, DINIZ ADVOGADOS ASSOCIADOS",2213835000155,"RUA DOS INCONFIDENTES,911, 13º ANDAR, BELO HORIZONTE/MG",(31) 3269-5900
22.081.808/0001-83,2018-12-01,1,COSTA RANGEL SOCIEDADE DE ADVOGADOS,22250010000118,"AV. ATAULFO DE PAIVA, 204, SALA 02,CEP 22440-033, RIO DE JANEIRO/RJ",(21) 8151-8314
22.081.808/0001-83,2018-12-01,1,YORK & PARTNERS CONSULTORIA SS LTDA,8587588000133,"RUA DOM BERNARDO NOGUEIRA, 479, 18º ANDAR, VILA GUMERCINDO, SÃO PAULO/SP",(11) 3101-1257
24.070.076/0001-51,2018-06-01,1,Papi Maximiano Kawasaki Assolini Advogados Associados,03.834.440/0001-32,"Rua Cardeal Arcoverde, 2365, 12º Andar, São Paulo/SP",(11) 3133 2525
26.195.121/0001-20,2018-12-01,1,Souza Cescon Barrieu FB. Soc Advogados,10687865000121,"Rua Funchal, 418 - 11º na. S.Paulo - SP",11-3089.6500
26.195.121/0001-20,2018-12-01,1,JJ Chaves Contadores Sociedade Simples Ltda,94154119000162,"Roa Dona Laura, 414 - Porto Alegre - RS",51-3388.3677
26.195.121/0001-20,2018-12-01,1,Itaú Corretora de Valores S/A,61194353000164,Av Brig Faria Lima 3400 10º and. São Paulo - SP,11-2740.2575
26.195.121/0001-20,2018-12-01,1,Advocacia Cunha Ferraz,00.087.906/0001-95,"Av. Brig Faria Lima, 1461 - 6º andar São Paulo-SP",11-3104.7183
26.614.291/0001-00,2018-06-01,1,ITAÚ CORRETORA DE VALORES S/A,61.194.353/0001-64,"Av. Brig. Faria Lima, 3500 - 3° andar",
26.614.291/0001-00,2018-06-01,1,CM Capital Markets DTVM Ltda,02.671.743/0001-19,"Rua Gomes de Carvalho, 1195 - 4º andar",(11) 3842-1122
26.614.291/0001-00,2018-12-01,1,ITAÚ CORRETORA DE VALORES S/A,61.194.353/0001-64,"Av. Brig. Faria Lima, 3500 - 3° andar",
26.614.291/0001-00,2018-12-01,1,CM Capital Markets DTVM Ltda,02.671.743/0001-19,"Rua Gomes de Carvalho, 1195 - 4º andar",(11) 3842-1122
26.990.011/0001-50,2018-07-01,1,JJ Chaves Contadores Sociedade Simples Ltda,94154119000162,"Rua Dona Laura, 414 - Porto Alegre - RS",51-3388.3677
26.990.011/0001-50,2018-07-01,1,Itaú Corretora de Valores S/A,61194353000164,Av Brig Faria Lima 3400 10º and. São Paulo - SP,11-2740.2575
26.990.011/0001-50,2018-12-01,1,JJ Chaves Contadores Sociedade Simples Ltda,94154119000162,"Roa Dona Laura, 414 - Porto Alegre - RS",51-3388.3677
26.990.011/0001-50,2018-12-01,1,Itaú Corretora de Valores S/A,61194353000164,Av Brig Faria Lima 3400 10º and. São Paulo - SP,11-2740.2575
26.990.011/0001-50,2018-12-01,1,Vitale Bicalho e Dias Soc Advogados,27977626000109,Rua Leopoldo Couto de Magalhães Jr. 758 conj 131,11-3181.8833
26.990.011/0001-50,2018-12-01,1,Iegoroff e Sanches Soc Advogados,26072161000265,Rua Dr Eduardo de Souza Aranha 387 - 15º andar,11-3897.0333
27.293.689/0001-46,2018-12-01,1,DEXTER ENGENHARIA S/S LTDA,67566711000107,"Av. Eng. Luiz Carlos Berrini, 828 - 4º andar cj. 42 - Cid. Monções - São Paulo - SP",(11) 55433011
27.538.477/0001-81,2018-12-01,1,Intrader D.T.V.M. Ltda,15489568000195,"Rua Ramos Batista, 152, 1º andar, Vila Olímplia, São Paulo, SP",(11) 3198-5151
27.771.568/0001-62,2018-12-01,1,YONE GALVÃO GIANNINI CARBONE - ME,10947912000129,"Alameda Maracatins, 552 - Alphaville - Santana do Parnaiba - SP",
27.771.568/0001-62,2018-12-01,1,BENVENUTO ENGENHARIA S/S LTDA,2611421000184,"Rua Cristiano Viana, 441 - cj. 53 - Jd. America - São Paulo",
27.771.568/0001-62,2018-12-01,1,ANTON ENGENHARIA E URBANISMO LTDA,24959724000125,"Rua das Bandeiras, 356 - cj. 41 - Santo André",
27.771.586/0001-44,2018-12-01,1,APSIS CONSULTORIA EMPRESARIAL LTDA,27281922000170,"Rua do Passeio, 62 - 6º andar - Centro - Rio de Janeiro - RJ",
27.771.586/0001-44,2018-12-01,1,DOMINUS ADMINISTRAÇÃO E SERVIÇOS LTDA,1667752000173,"Al. Oscar Niemeyer, 119 - Vila da Serra - Nova Lima - MG",
28.152.272/0001-26,2018-08-01,1,REC Gestão de Recursos S.A,22828968000143,"Rua Joaquim Floriano, 466, Torre B, 1º andar, conjunto 105, Itaim Bibi, CEP: 04534-002",(11) 2767-6304
28.152.272/0001-26,2018-12-01,2,REC Gestão de Recursos S.A,22828968000143,"Rua Joaquim Floriano, 466, Torre B, 1º andar, conjunto 105, Itaim Bibi, CEP: 04534-002",(11) 2767-6304
28.267.530/0001-10,2018-12-01,1,DEXTER ENGENHARIA LTDA.,67566711000107,"Av. Eng. Luiz Carlos Berrini, 828 - 11º andar - cj. 112 - São Paulo - SP",
28.516.650/0001-03,2018-12-01,4,Cyrela Brasil Realty S.A. Empreendimentos Participações,73.178.600/0001-18,"R. do Rócio,109 - 2º andar- sala 01",4502-3445
28.693.595/0001-27,2018-12-01,1,,0,,
28.737.771/0001-85,2018-06-01,1,CETIP,9358105000191,"Alameda Xingu, 350 - Alphaville Industrial, Barueri - SP, 06455-000",(11) 3105-2463
28.830.325/0001-10,2018-06-01,1,DIGITAL IMPRESSÕES DE DADOS VARIÁVEIS LTDA,4025697000170,"Av. Deputado Emilio Carlos, nº 2502 - Vila Santa Maria, Cidade São Paulo, Estado São Paulo",(11) 2608-7700
28.830.325/0001-10,2018-06-01,1,BTG PACTUAL SERVIÇOS FINANCEIROS S.A. DTVM,59281253000123,"Praia de Botafogo, nº 501 - 5º andar parte -Cidade do Rio de Janeiro, Estado do Rio de Janeiro",(11) 3383-2000
29.852.732/0001-91,2018-11-01,1,,,,
29.852.732/0001-91,2018-11-01,1,,,,
29.852.732/0001-91,2018-11-01,1,,,,
29.852.732/0001-91,2018-11-01,1,,,,
29.852.732/0001-91,2018-11-01,1,,,,
29.852.732/0001-91,2018-11-01,1,,,,
29.852.732/0001-91,2018-11-01,1,,,,
29.852.732/0001-91,2018-11-01,1,,,,
30.166.700/0001-11,2018-06-01,1,TERCEIRO TABELIÃO DE NOTAS DE SÃO PAULO,61648457000100,"Av. São Luis, nº 192 - Centro, Cidade São Paulo, Estado São Paulo",(11) 3120-8600
30.166.700/0001-11,2018-06-01,1,CETIP,9358105000191,"Alameda Xingu, 350 - Alphaville Industrial, Barueri - SP, 06455-000",(11) 3105-2463
30.492.505/0001-81,2018-12-01,1,ITAU CORRETORA DE VALORES S/A,61194353000164,"AV. BRIG. FARIA LIMA, 3400 - 10º ANDAR - SÃO PAULO/SP",(11) 2740-2575
01.497.954/0001-14,2019-12-01,1,Castro Martini Engenheiros Associados Ltda.,02.989.103/0001-51,"Avenida Carlos Gomes, 111 CJ 1302 B - Porto Alegre/RS.",(51) 3328-2792
01.497.954/0001-14,2019-12-01,1,Bernardes de Oliviera e Martini Engenheiros Associados S/S,10.412.737/0001-31,"Avenida Carlos Gomes, 111 CJ 1302 B - Porto Alegre/RS.",(51) 3328-2792
01.497.954/0001-14,2019-12-01,1,Lippert Advogados,92.248.004/0001-01,"R Manoelito De Ornellas, 55 - 10 Andar -Porto Alegre/RS.",(51) 3227-3448
01.636.325/0001-28,2019-12-01,1,JJ Chaves Contadores Sociedade Simples Ltda,94154119000162,"Roa Dona Laura, 414 - Porto Alegre - RS",51-3388.3677
01.636.325/0001-28,2019-12-01,1,Smith e Advogados Associados,4382706000116,"Av. Cristovão Colombo, 2955 - conj. 503",51-3212-6665
01.657.856/0001-05,2019-12-01,1,Itaú Corretora de Valores S/A,61194353000164,Av Brig Faria Lima 3400 10º and. São Paulo - SP,11-2740-2575
01.657.856/0001-05,2019-12-01,1,Deda Sociedade de Advogados,127385000152,"Av. Tancredo Neves, 1283 - sala 1003  - Pituba - Salvador/BA",(71) 3505-1167
04.141.645/0001-03,2019-12-01,1,Itaú Corretora de Valores S/A,61194353000164,Av Brig Faria Lima 3400 10º and. São Paulo - SP,11-2740.2575
04.141.645/0001-03,2019-12-01,1,JJ Chaves Contadores Sociedade Simples Ltda,94154119000162,"Roa Dona Laura, 414 - Porto Alegre - RS",51-3388.3677
05.562.312/0001-02,2019-12-01,2,CWR CONSTRUCOES REFORMAS E COMERCIO LTDA ME,07.681.401/0001-01,Rua Ricardo Machado 895 - Vasco da Gama CEP: 20921.270,(21) 2580-1334
05.562.312/0001-02,2019-12-01,2,GERPRO ENGENHARIA LTDA,10.518.679/0001-69,"Avenida Rio Branco, 181 - sala 2104 e 2105 - Centro, Rio de Janeiro/RJ - CEP: 20040-918",(21) 2215-1132
06.175.262/0001-73,2019-12-01,1,Itaú Corretora de Valores S.A.,61.194.353/0001-64,"Avenida Brigadeiro Faria Lima 3400, 10º andar, CEP 04310-030, São Paulo - SP",11 3003-9285
07.583.627/0001-61,2019-12-01,1,,0,,0
07.583.627/0001-61,2019-12-01,1,,0,,0
07.583.627/0001-61,2019-12-01,1,,0,,0
07.583.627/0001-61,2019-12-01,1,,0,,0
07.583.627/0001-61,2019-12-01,1,,0,,0
07.583.627/0001-61,2019-12-01,1,,0,,0
08.706.065/0001-69,2019-12-01,1,HOTEL VENTURES ASSESSORIA E CONSULTORIA EM TURISMO LTDA,03.558.771/0001-97,"Av Brigadeiro Faria Lima 01912, conj 20j - São Paulo, SP",(11) 5511-0244
08.706.065/0001-69,2019-12-01,1,HOTEL PARTNERS ASSESSORIA EM TURISMO LTDA,03.593.755/0001-35,"Av Brigadeiro Faria Lima 01912, conj 20 - São Paulo, SP",(11) 3728-8100
10.456.799/0001-89,2019-12-01,1,Condominio Viva Open Mall,,"Av. Dr. Nilo Peçanha, 3228 - Porto Alegre/RS",51 - 3073-7130
11.602.654/0001-01,2019-12-01,1,CONSTRUTORA CRR INCORPORACAO E PARTICIPACOES LTDA,67280339000160,"RUA HADDOCK LOBO, 846, Andar 8, Cerqueira Cesar, São Paulo, SP - 01414-002",(11) 3016-3016
12.323.955/0001-69,2019-12-01,1,LESTE REAL ESTATE CONSULTORIA IMOBILIÁRIA LTDA,28.758.934/0001-06,"Rua Dias Ferreira, 190, sala 601, Leblon - Rio de Janeiro/RJ - CEP: 22431-050",(21) 2252-5294
12.927.767/0001-40,2019-12-01,1,Líder Serviços Gerais Ltda,23.211.179/0001-21,"Avenida Embaixador Abelardo Bueno, 01, BL 01, sala 311E - Jacarepaguá - CEP 22775-022 - Rio de Janeiro",(21)3298-9002
12.989.974/0001-29,2019-12-01,1,Líder Serviços Gerais Ltda,23.211.179/0001-21,"Avenida Embaixador Abelardo Bueno, 01, BL 01, sala 311E - Jacarepaguá - CEP 22775-022 - Rio de Janeiro",(21)3298-9002
13.020.465/0001-56,2019-12-01,1,-,-,-,-
13.022.993/0001-44,2019-12-01,1,VBI REAL ESTATE GESTAO DE CARTEIRAS,11274775000171,"R. Funchal, 418 - Vila Olímpia, São Paulo - SP, 04551-060",(11) 2344-2525
15.006.267/0001-63,2019-12-01,1,CBRE Consultoria do Brasil LTDA,51.718.575/0001-85,"Av das Nações Unidas 14171 - São Paulo, SP",(11) 4064 4041
15.461.076/0001-91,2019-12-01,1,BSH BRASIL SERVICE & HOLDING LTDA,59.944.710/0001-12,"AV.BRIGADEIRO LIMA E SILVA,1768 1A SP",(11)3813-6188
15.461.076/0001-91,2019-12-01,1,COLLIES INTERNATIONAL DO BRASIL CONSULTORIA,02.636.857/0001-28,RUA DAS OLIMPÍADAS Nº 205 1º ANDAR,(11)3323-0001
16.915.868/0001-51,2019-12-01,1,-,-,-,-
16.924.913/0001-34,2019-06-01,1,Itaú Unibanco S/A,60.701.190/0001-04,"Praça Alfredo Egydio de Souza Aranha, 100 - São Paulo - SP - CEP:04344-902",0800 728 0728
17.098.794/0001-70,2019-12-01,1,Rio Bravo Investimentos LTDA.,03.864.607/0001-08,"Av. Chedid Jafet, nº 222, Bloco B, 3º andar - Vila Olímpia - São Paulo/SP - Cep nº 04551-065",(11) 3509 6600
17.161.979/0001-82,2019-12-01,1,JJ Chaves Contadores Sociedade Simples Ltda,94154119000162,"Roa Dona Laura, 414 - Porto Alegre - RS",51-3388.3677
17.161.979/0001-82,2019-12-01,1,Itaú Corretora de Valores S/A,61194353000164,Av Brig Faria Lima 3400 10º and. São Paulo - SP,11-2740.2575
18.570.740/0001-29,2019-12-01,2,Consultor jurídico:  MAZZOTINI ADVOGADOS ASSOCIADOS,03.838.113/0001-59,"Avenida Paulista, nº 1.439, 4º andar São Paulo/SP",
20.680.775/0001-62,2019-12-01,1,CBRE CONSULTORIA DO BRASIL LTDA,51718575000185,"AV DAS NACOES UNIDAS, 14171, Andar 18, Vila Gertrudes, São Paulo, SP - 04.794-000",(11) 5185-4688
22.211.522/0001-75,2019-12-01,1,-,-,-,-
26.195.121/0001-20,2019-12-01,1,Souza Cescon Barrieu FB. Soc Advogados,10687865000121,"Rua Funchal, 418 - 11º na. S.Paulo - SP",11-3089.6500
26.195.121/0001-20,2019-12-01,1,JJ Chaves Contadores Sociedade Simples Ltda,94154119000162,"Roa Dona Laura, 414 - Porto Alegre - RS",51-3388.3677
26.195.121/0001-20,2019-12-01,1,Itaú Corretora de Valores S/A,61194353000164,Av Brig Faria Lima 3400 10º and. São Paulo - SP,11-2740.2575
26.195.121/0001-20,2019-12-01,1,Advocacia Cunha Ferraz,87906000195,"Av. Brig Faria Lima, 1461 - 6º andar São Paulo-SP",11-3104.7183
26.614.291/0001-00,2019-06-01,1,ITAÚ CORRETORA DE VALORES S/A,61194353000164,"Av. Brig. Faria Lima, 3500 - 3° andar",
26.614.291/0001-00,2019-06-01,1,CM Capital Markets DTVM Ltda,2671743000119,"Rua Gomes de Carvalho, 1195 - 4º andar",(11) 3842-1122
26.990.011/0001-50,2019-12-01,1,JJ Chaves Contadores Sociedade Simples Ltda,94154119000162,"Roa Dona Laura, 414 - Porto Alegre - RS",51-3388.3677
26.990.011/0001-50,2019-12-01,1,Itaú Corretora de Valores S/A,61194353000164,Av Brig Faria Lima 3400 10º and. São Paulo - SP,11-2740.2575
28.693.595/0001-27,2019-12-01,1,,0,,
28.830.325/0001-10,2019-06-01,1,BTG PACTUAL SERVIÇOS FINANCEIROS S.A. DTVM,59281253000123,"Praia de Botafogo, nº 501 - 5º andar parte -Cidade do Rio de Janeiro, Estado do Rio de Janeiro",(11) 3383-2000
29.467.977/0001-03,2019-06-01,1,BTG PACTUAL SERVIÇOS FINANCEIROS S.A. DTVM,59.281.253/0001-23,"Praia de Botafogo, nº 501 - 5º andar parte - Cidade do Rio de Janeiro, Estado do Rio de Janeiro",(11) 3383-2000
29.467.977/0001-03,2019-06-01,1,OLIVEIRA TRUST DTVM,36.113.876/0001-91,"Av. das Américas, nº 3.434, bloco 07, sala 201, cidade do Rio de Janeiro, Estado do Rio de Janeiro",(21) 3514-0000
30.492.505/0001-81,2019-12-01,1,ITAU CORRETORA DE VALORES S/A,61194353000164,"AV. BRIG. FARIA LIMA, 3400 - 10º ANDAR - SÃO PAULO/SP",(11) 2740-2575
31.547.855/0001-60,2019-12-01,1,VINCI GESTORA DE RECURSOS LTDA,11.077.576/0001-73,"Avenida Bartolomeu Mitre nº 336, 5º andar, parte, Leblon, Rio de Janeiro",(11) 3572-3700
31.887.401/0001-39,2019-12-01,2,Rio Bravo Investimentos LTDA.,03.864.607/0001-08,"Av. Chedid Jafet, nº 222, Bloco B, 3º andar - Vila Olímpia - São Paulo/SP - Cep nº 04551-065",(11) 3509 6600
32.667.306/0001-92,2019-06-01,1,Miguel Neto Advogados,38.886.685/0001-98,"Rua Fidêncio Ramos, 308 - 2º andar - Torre A, Vila Olímpia, São Paulo, SP",(11) 5502 1200
32.903.521/0001-45,2019-12-01,1,ITAU CORRETORA DE VALORES S/A ( Escriturador ),61.194.353/0001-64,"Rua Santa Virginia, 299,CEP: 03084-010 São Paulo - SP",(11) 2740-2906
32.903.702/0001-71,2019-12-01,1,ITAU CORRETORA DE VALORES S/A ( Escriturador ),61.194.353/0001-64,"Rua Santa Virginia, 299,CEP: 03084-010 São Paulo - SP",(11) 2740-2906
35.360.651/0001-77,2019-12-01,2,OPPORTUNITY MÉTRICA LTDA,29.839.743/0001-31,"Avenida Presidente Wilson, nº 231, 28º andar, parte, Centro, Rio de Janeiro /RJ",(11) 3039-1200
01.497.954/0001-14,2020-12-01,2,"Castro, Martini Engenheiros Associados S/C Ltda.",02.989.103/0001-51,"Avenida Carlos Gomes, 111 CJ 1302 B - Porto Alegre/RS.",(51) 3328-2792
01.497.954/0001-14,2020-12-01,2,Centrum Engenharia - Engenheiros Associados S/S,10.412.734/0001-31,"Avenida Carlos Gomes, 111 CJ 1302 B - Porto Alegre/RS.",(51) 3328-2792
01.497.954/0001-14,2020-12-01,2,Lippert Advogados,92.248.004/0001-01,"R Manoelito de Ornellas, 55 - 10 Andar -Porto Alegre/RS.",(51) 3227-3448
01.636.325/0001-28,2020-12-01,1,JJ Chaves Contadores Sociedade Simples Ltda,94154119000162,"Roa Dona Laura, 414 - Porto Alegre - RS",51-3388.3677
01.636.325/0001-28,2020-12-01,1,Smith e Advogados Associados,4382706000116,"Av. Cristovão Colombo, 2955 - conj. 503",51-3212-6665
01.657.856/0001-05,2020-12-01,1,Itaú Corretora de Valores S/A,61194353000164,Av Brig Faria Lima 3400 10º and. São Paulo - SP,11-2740.2575
04.141.645/0001-03,2020-12-01,1,Itaú Corretora de Valores S/A,61194353000164,Av Brig Faria Lima 3400 10º and. São Paulo - SP,11-2740.2575
04.141.645/0001-03,2020-12-01,1,JJ Chaves Contadores Sociedade Simples Ltda,94154119000162,"Roa Dona Laura, 414 - Porto Alegre - RS",51-3388.3677
05.562.312/0001-02,2020-12-01,2,GERPRO ENGENHARIA LTDA,10518679000169,"Avenida Rio Branco, 181 - sala 2104 e 2105 - Centro, Rio de Janeiro/RJ - CEP: 20040-918",(21) 2215-1132
06.175.262/0001-73,2020-12-01,1,Itaú Corretora de Valores S.A.,61.194.353/0001-64,"Avenida Brigadeiro Faria Lima 3400, 10º andar, CEP 04310-030, São Paulo - SP",11 3003-9285
07.583.627/0001-61,2020-12-01,1,,0,,0
07.583.627/0001-61,2020-12-01,1,,0,,0
07.583.627/0001-61,2020-12-01,1,,0,,0
07.583.627/0001-61,2020-12-01,1,,0,,0
07.583.627/0001-61,2020-12-01,1,,0,,0
07.583.627/0001-61,2020-12-01,1,,0,,0
10.456.799/0001-89,2020-12-01,2,Condominio Viva Open Mall,,"Av. Dr. Nilo Peçanha, 3228 - Porto Alegre/RS",51 - 3073-7130
11.602.654/0001-01,2020-12-01,1,CONSTRUTORA CRR INCORPORACAO E PARTICIPACOES LTDA,67280339000160,"RUA HADDOCK LOBO, 846, Andar 8, Cerqueira Cesar, São Paulo, SP - 01414-002",(11) 3016-3016
12.804.013/0001-00,2020-12-01,1,RL ADM. GESTÃO EMPREEND. IMOBILIÁRIOS,7231706000103,"ROD JOSÉ CARLOS MAUX,  5500 - KM 5",48-30284506
12.804.013/0001-00,2020-12-01,1,JJ Chaves Contadores Sociedade Simples Ltda,94154119000162,"Roa Dona Laura, 414 - Porto Alegre - RS",51-3388.3677
12.927.767/0001-40,2020-12-01,2,Líder Serviços Gerais Ltda,23211179000121,"Avenida Embaixador Abelardo Bueno, 01, BL 01, sala 311E - Jacarepaguá - CEP 22775-022 - Rio de Janeiro",(21)3298-9002
12.969.125/0001-03,2020-12-01,1,"Almeida, Rotenberg e Boscoli - Sociedade de Advogados",61074555000172,"Av. Pedroso de Moraes, 1.201",11 3356-1800
12.969.125/0001-03,2020-12-01,1,VNP Advogados,03042181000107,"Rua Prof. Atílio Innocenti, 474 - Vila Nova Conceição, São Paulo - SP",11 3043-8400
12.969.125/0001-03,2020-12-01,1,PriceWaterHouseCoopers Auditores Independentes,61562112000120,"Av. Eusébio Matoso, 891",11 3031-7657
12.969.125/0001-03,2020-12-01,1,JP Leal Advogados SS,03042181000107,"Rua Eng. Ildefonso Simões Lopes, 390, Porto Alegre/RS",(51) 3223-7650
12.969.125/0001-03,2020-12-01,1,Negrão Ferrari Sociedade de Advogados,10336302000199,"Rua Olimpíadas, 134, 9º andar, São Paulo/SP",(11) 3047-0777
12.969.125/0001-03,2020-12-01,1,Diaz Rosa Sociedade de Advogados,30686676000141,"Rua Coronel Adriano Machado, 104, São Paulo/SP",(11) 5641-1995
12.989.974/0001-29,2020-12-01,1,Líder Serviços Gerais Ltda,23211179000121,"Avenida Embaixador Abelardo Bueno, 01, BL 01, sala 311E - Jacarepaguá - CEP 22775-022 - Rio de Janeiro",(21)3298-9002
15.006.267/0001-63,2020-12-01,1,CBRE Consultoria do Brasil LTDA,51.718.575/0001-85,"Av das Nações Unidas 14171 - São Paulo, SP",(11) 4064 4041
15.461.076/0001-91,2020-12-01,1,BSH BRASIL SERVICE & HOLDING LTDA,59.944.710/0001-12,"AV.BRIGADEIRO LIMA E SILVA,1768 1A SP",(11)3813-6188
15.461.076/0001-91,2020-12-01,1,COLLIES INTERNATIONAL DO BRASIL CONSULTORIA,02.636.857/0001-28,RUA DAS OLIMPÍADAS Nº 205 1º ANDAR,(11)3323-0001
16.924.913/0001-34,2020-06-01,1,ITAU UNIBANCO S.A.,60701190000104,"Praça Alfredo Egydio de Souza Aranha, 100 - São Paulo SP",1130034828
17.098.794/0001-70,2020-12-01,2,Rio Bravo Investimentos LTDA.,03864607000108,"Av. Chedid Jafet, nº 222, Bloco B, 3º andar - Vila Olímpia - São Paulo/SP - Cep nº 04551-065",(11) 3509 6600
17.161.979/0001-82,2020-12-01,1,Godinho e Gontijo Advogados- ME,3514812000162,"Rua Paraíba, 1352, Savassi- Belo Horizonte - MG",31-3281.9699
17.161.979/0001-82,2020-12-01,1,JJ Chaves Contadores Sociedade Simples Ltda,94154119000162,"Roa Dona Laura, 414 - Porto Alegre - RS",51-3388.3677
17.161.979/0001-82,2020-12-01,1,Itaú Corretora de Valores S/A,61194353000164,Av Brig Faria Lima 3400 10º and. São Paulo - SP,11-2740.2575
19.722.048/0001-31,2020-12-01,1,PASCHOAL & MOREIRA SOCIEDADE DE ADVOGADOS,33.752.573/0001-20,"Avenida Professor Alfonso Bovero, nº 1201, sala 12-B, CEP 05019-011",(11) 2657-4184
19.722.048/0001-31,2020-12-01,1,"Arbex, Linhares e Marin Sociedade de Advogados",26.257.504/0001-85,"Rua Iguatemi, 192 - conjunto 24",(11) 3078-9448
19.722.048/0001-31,2020-12-01,1,JARDINS SOLUÇÕES EIRELI,29.202.442/0001-00,"Rua Augusta, n. 2840, 17º Andar, bairro Cerqueira César",
19.872.887/0001-36,2020-06-01,1,PLURAL S.A. BANCO MULTIPLO,45246410000155,"Praia de Botafogo, 228, 9 andar, Botafogo, Rio de Janeiro/RJ, CEP 22250906",1132068000
20.680.775/0001-62,2020-12-01,1,CBRE CONSULTORIA DO BRASIL LTDA,51718575000185,"AV DAS NACOES UNIDAS, 14171, Andar 18, Vila Gertrudes, São Paulo, SP - 04.794-000",(11) 5185-4688
22.211.522/0001-75,2020-12-01,2,Virtus BR Partnes Assessoria Corporativa Ltda,10793363000175,Rua Joaquim Floriano 1120 - Itaim Bibi - CEP: 04534-004,(11) 3576-1500
24.796.967/0001-90,2020-12-01,1,PASCHOAL & MOREIRA SOCIEDADE DE ADVOGADOS,33.752.573/0001-20,"Avenida Professor Alfonso Bovero, nº 1201, sala 12-B, CEP 05019-011",(11) 2657-4184
24.796.967/0001-90,2020-12-01,1,"Arbex, Linhares e Marin Sociedade de Advogados",26.257.504/0001-85,"Rua Iguatemi, 192 - conjunto 24",(11) 3078-9448
24.796.967/0001-90,2020-12-01,1,JARDINS SOLUÇÕES EIRELI,29.202.442/0001-00,"Rua Augusta, n. 2840, 17º Andar, bairro Cerqueira César",
26.195.121/0001-20,2020-12-01,1,Souza Cescon Barrieu FB. Soc Advogados,10687865000121,"Rua Funchal, 418 - 11º na. S.Paulo - SP",11-3089.6500
26.195.121/0001-20,2020-12-01,1,JJ Chaves Contadores Sociedade Simples Ltda,94154119000162,"Roa Dona Laura, 414 - Porto Alegre - RS",51-3388.3677
26.195.121/0001-20,2020-12-01,1,Itaú Corretora de Valores S/A,61194353000164,Av Brig Faria Lima 3400 10º and. São Paulo - SP,11-2740.2575
26.195.121/0001-20,2020-12-01,1,Advocacia Cunha Ferraz,87906000195,"Av. Brig Faria Lima, 1461 - 6º andar São Paulo-SP",11-3104.7183
26.614.291/0001-00,2020-06-01,1,VÓRTX DTVM,22061500000188,"Av. Brig. Faria Lima, 2277 - 2º andar",
26.614.291/0001-00,2020-06-01,1,CM Capital Markets DTVM Ltda,2671743000119,"Rua Gomes de Carvalho, 1195 - 4º andar",(11) 3842-1122
26.990.011/0001-50,2020-12-01,1,JJ Chaves Contadores Sociedade Simples Ltda,94154119000162,"Roa Dona Laura, 414 - Porto Alegre - RS",51-3388.3677
26.990.011/0001-50,2020-12-01,1,Itaú Corretora de Valores S/A,61194353000164,Av Brig Faria Lima 3400 10º and. São Paulo - SP,11-2740.2575
28.516.650/0001-03,2020-12-01,1,,0,,
28.693.595/0001-27,2020-12-01,1,,0,,
30.492.505/0001-81,2020-12-01,1,ITAU CORRETORA DE VALORES S/A,61194353000164,"AV. BRIG. FARIA LIMA, 3400 - 10º ANDAR - SÃO PAULO/SP",(11) 2740-2575
30.567.216/0001-02,2020-12-01,1,JJ Chaves Contadores Sociedade Simples Ltda,94154119000162,"Roa Dona Laura, 414 - Porto Alegre - RS",51-3388.3677
31.887.401/0001-39,2020-12-01,1,Rio Bravo Investimentos LTDA.,03864607000108,"Av. Chedid Jafet, nº 222, Bloco B, 3º andar - Vila Olímpia - São Paulo/SP - Cep nº 04551-065",(11) 3509 6600
32.527.552/0001-49,2020-06-01,1,PLURAL S.A. BANCO MULTIPLO,45246410000155,"Praia de Botafogo, 228, 9 Andar, Botafogo, Rio de Janeiro/RJ, CEP 22250040",1132068000
32.527.626/0001-47,2020-06-01,1,PLURAL S.A. BANCO MULTIPLO,45246410000155,"Praia de Botafogo, 228, 9 andar, Botafogo, Rio de Janeiro/RJ, CEP 22250906",1132068000
32.527.683/0001-26,2020-06-01,1,ITAU CORRETORA DE VALORES,61194353000164,"AVENIDA BRIGADEIRA FARIA LIMA, 3500, 3 ANDAR, SAO PAULO/SP, CEP 04538132",
32.892.018/0001-31,2020-06-01,2,Itaú Corretora de Valores S.A. (Escriturador),61194353000164,"Avenida Brigadeiro Faria Lima, 3500, 3º Andar, São Paulo -SP",+ 55 (11)2740-2535
32.903.521/0001-45,2020-12-01,2,ITAU CORRETORA DE VALORES S/A ( Escriturador ),61.194.353/0001-64,"Rua Santa Virginia, 299,CEP: 03084-010 São Paulo - SP",(11) 2740-2906
32.903.702/0001-71,2020-12-01,1,ITAU CORRETORA DE VALORES S/A ( Escriturador ),61.194.353/0001-64,"Rua Santa Virginia, 299,CEP: 03084-010 São Paulo - SP",(11) 2740-2906
33.354.650/0001-94,2020-12-01,1,GOTBLI Advogados,30221528000151,"Av Almirante Barroso 63, sala 1101, Centro, Rio de Janeiro CEP 20031003",(31) 9659-4926
35.360.651/0001-77,2020-12-01,1,OPPORTUNITY MÉTRICA LTDA,29839743000131,"Avenida Presidente Wilson, nº 231, 28º andar, parte, Centro, Rio de Janeiro /RJ",(11) 3039-1200
35.765.826/0001-26,2020-12-01,1,CEPAR CONTROLE PRAGAS URBANA EIRELI,27.168.173/0001-70,"Paracambi/RJ, Estrada do Saudoso, S/N, Bairro Saudoso, CEP 26.600-000",(71) 3321-1510
35.765.907/0001-26,2020-12-01,1,DP CONSULTORIA LTDA.,40.355.846/0001-69,"Rua Sócrates, nº 409, apartamento 151, Vila Sofia, CEP: 04671-071São Paulo, Estado de São Paulo",+55 11 99975-9579
39.714.024/0001-48,2020-12-01,1,JJ CHAVES CONTADORES S/S,94154119000162,"Roa Dona Laura, 414 - Porto Alegre - RS",51-3388.3677
01.497.954/0001-14,2021-12-01,1,"Castro, Martini Engenheiros Associados S/C Ltda.",02.989.103/0001-51,"Avenida Carlos Gomes, 111 CJ 1302 B - Porto Alegre/RS.",(51) 3328-2792
01.497.954/0001-14,2021-12-01,1,Centrum Engenharia - Engenheiros Associados S/S,10.412.737/0001-31,"Avenida Carlos Gomes, 111 CJ 1302 B - Porto Alegre/RS.",(51) 3328-2792
01.497.954/0001-14,2021-12-01,1,Lippert Advogados,92.248.004/0001-01,"R Manoelito de Ornellas, 55 - 10 Andar -Porto Alegre/RS.",(51) 3227-3448
01.636.325/0001-28,2021-12-01,1,JJ Chaves Contadores Sociedade Simples Ltda,94154119000162,"Roa Dona Laura, 414 - Porto Alegre - RS",51-3388.3677
01.636.325/0001-28,2021-12-01,1,Smith e Advogados Associados,4382706000116,"Av. Cristovão Colombo, 2955 - conj. 503",51-3212-6665
04.141.645/0001-03,2021-12-01,1,JJ Chaves Contadores Sociedade Simples Ltda,94154119000162,"Roa Dona Laura, 414 - Porto Alegre - RS",51-3388.3677
04.722.883/0001-02,2021-12-01,1,"MONACO, PATAH, ENDO, AGUIAR E ASDVOGADOS ASSOCIADOS",58.098.989/0001-06,"Av. Brigadeiro Faria Lima, 1912 - 21º andar - Conjunto 21L - Jd. Paulistano",(11) 3087 7577
04.782.236/0001-88,2021-12-01,2,Perville Engenharia e Empreendimentos Ltda.,75.491.613/0003-05,"Rua Dona Francisca, 8300 - Distrito Industrial - Joinville - SC",
05.562.312/0001-02,2021-12-01,1,GERPRO ENGENHARIA LTDA,10518679000169,"Avenida Rio Branco, 181 - sala 2104 e 2105 - Centro, Rio de Janeiro/RJ - CEP: 20040-918",(21) 2215-1132
07.122.725/0001-00,2021-12-01,1,AMARAL BIAZZO PORTELA  ZUCCA SOC ADV,13.113.349/0001-81,"RUA ELVIRA FERRAZ , 68, ANDAR 4 CONJ 23 E 24",(11) 3145-6000
07.583.627/0001-61,2021-12-01,1,,0,,
10.456.799/0001-89,2021-12-01,1,Condominio Viva Open Mall,,"Av. Dr. Nilo Peçanha, 3228 - Porto Alegre/RS",51 - 3073-7130
10.869.155/0001-12,2021-12-01,1,ALIANSCE ASSESSORIA COMERCIAL E SERVICOS LTDA.,07.545.705/0001-33,"Rua Dias Ferreira, 190 - 3º Andar - Leblon - Rio de Janeiro/RJ CEP 22431-050",(21) 2176-7272
11.602.654/0001-01,2021-12-01,1,INSPER,06.070.152/0001-47,"R. Quatá, 300 - Vila Olímpia, São Paulo",(11) 4504-2400
12.969.125/0001-03,2021-12-01,1,"Almeida, Rotenberg e Boscoli - Sociedade de Advogados",61.074.555/0001-72,"Av. Pedroso de Moraes, 1.201",11 3356-1800
12.969.125/0001-03,2021-12-01,1,VNP Advogados,03.042.181/0001-07,"Rua Prof. Atílio Innocenti, 474 - Vila Nova Conceição, São Paulo - SP",11 3043-8400
12.969.125/0001-03,2021-12-01,1,PriceWaterHouseCoopers Auditores Independentes,61.562.112/0001-20,"Av. Eusébio Matoso, 891",11 3031-7657
12.969.125/0001-03,2021-12-01,1,JP Leal Advogados SS,03.042.181/0001-07,"Rua Eng. Ildefonso Simões Lopes, 390, Porto Alegre/RS",(51) 3223-7650
12.969.125/0001-03,2021-12-01,1,Negrão Ferrari Sociedade de Advogados,10.336.302/0001-99,"Rua Olimpíadas, 134, 9º andar, São Paulo/SP",(11) 3047-0777
12.969.125/0001-03,2021-12-01,1,Diaz Rosa Sociedade de Advogados,30.686.676/0001-41,"Rua Coronel Adriano Machado, 104, São Paulo/SP",(11) 5641-1995
12.989.974/0001-29,2021-12-01,1,Vinci Real Estate Gestora de Recursos LTDA.,13.838.015/0001-75,"Av. Bartolomeu Mitre 336, 701, Leblon, Rio de Janeiro - RJ CEP 22431-002",(21) 2159-6223
12.989.974/0001-29,2021-12-01,1,Líder Serviços Gerais Ltda,23.211.179/0001-21,"Avenida Embaixador Abelardo Bueno, 01, BL 01, sala 311E - Jacarepaguá - CEP 22775-022 - Rio de Janeiro",(21)3298-9002
13.974.819/0001-00,2021-12-01,1,,0,,
14.217.108/0001-45,2021-12-01,2,Perville Engenharia e Empreendimentos Ltda.,75.491.613/0003-05,"Rua Dona Francisca, 8300 - Distrito Industrial - Joinville - SC",
15.461.076/0001-91,2021-12-01,1,BSH BRASIL SERVICE & HOLDING LTDA,59.944.710/0001-12,"AV.BRIGADEIRO LIMA E SILVA,1768 1A SP",(11)3813-6188
15.461.076/0001-91,2021-12-01,1,COLLIES INTERNATIONAL DO BRASIL CONSULTORIA,02.636.857/0001-28,RUA DAS OLIMPÍADAS Nº 205 1º ANDAR,(11)3323-0001
17.007.443/0001-07,2021-06-01,1,ISHIKAWA ADVOGADOS,33.260.262/0001-44,"Av. Analice Sakatauskas, 620 - Bela Vista, Osasco - SP, 06060-003",(11) 4625-3901
17.098.794/0001-70,2021-12-01,2,Rio Bravo Investimentos LTDA.,3864607000108,"Av. Chedid Jafet, nº 222, Bloco B, 3º andar - Vila Olímpia - São Paulo/SP - Cep nº 04551-065",(11) 3509 6600
17.161.979/0001-82,2021-12-01,1,Godinho e Gontijo Advogados- ME,3514812000162,"Rua Paraíba, 1352, Savassi- Belo Horizonte - MG",31-3281.9699
17.161.979/0001-82,2021-12-01,1,JJ Chaves Contadores Sociedade Simples Ltda,94154119000162,"Roa Dona Laura, 414 - Porto Alegre - RS",51-3388.3677
17.161.979/0001-82,2021-12-01,1,Itaú Corretora de Valores S/A,61194353000164,Av Brig Faria Lima 3400 10º and. São Paulo - SP,11-2740.2575
20.680.775/0001-62,2021-12-01,1,CBRE CONSULTORIA DO BRASIL LTDA,51718575000185,"AV DAS NACOES UNIDAS, 14171, Andar 18, Vila Gertrudes, São Paulo, SP - 04.794-000",(11) 5185-4688
22.211.522/0001-75,2021-12-01,1,Virtus BR Partnes Assessoria Corporativa Ltda,10793363000175,Rua Joaquim Floriano 1120 - Itaim Bibi - CEP: 04534-004,(11) 3576-1500
22.459.737/0001-00,2021-06-01,1,NANNINI E QUINTERO ADVOGADOS ASSOCIADOS,2378425000164,"Rua Francisco Leitão, 469 Conjunto 911 e 912 - Pinheiros - São Paulo, SP",(11) 2821-1150
24.796.967/0001-90,2021-12-01,1,PASCHOAL & MOREIRA SOCIEDADE DE ADVOGADOS,33.752.573/0001-20,"Avenida Professor Alfonso Bovero, nº 1201, sala 12-B, CEP 05019-011",(11) 2657-4184
24.796.967/0001-90,2021-12-01,1,"Arbex, Linhares e Marin Sociedade de Advogados",26.257.504/0001-85,"Rua Iguatemi, 192 - conjunto 24",(11) 3078-9448
24.796.967/0001-90,2021-12-01,1,JARDINS SOLUÇÕES EIRELI,29.202.442/0001-00,"Rua Augusta, n. 2840, 17º Andar, bairro Cerqueira César",
26.091.636/0001-80,2021-06-01,1,CM CAPITAL MARKETS DTVM LTDA,2671743000119,"Rua Gomes de Carvalho, nº 1195, 4º andar, São Paulo - SP",551138421122
26.195.121/0001-20,2021-12-01,1,Souza Cescon Barrieu FB. Soc Advogados,10687865000121,"Rua Funchal, 418 - 11º na. S.Paulo - SP",11-3089.6500
26.195.121/0001-20,2021-12-01,1,JJ Chaves Contadores Sociedade Simples Ltda,94154119000162,"Roa Dona Laura, 414 - Porto Alegre - RS",51-3388.3677
26.195.121/0001-20,2021-12-01,1,Itaú Corretora de Valores S/A,61194353000164,Av Brig Faria Lima 3400 10º and. São Paulo - SP,11-2740.2575
26.195.121/0001-20,2021-12-01,1,Advocacia Cunha Ferraz,87906000195,"Av. Brig Faria Lima, 1461 - 6º andar São Paulo-SP",11-3104.7183
26.614.291/0001-00,2021-06-01,1,VÓRTX DTVM,22061500000188,"Av. Brig. Faria Lima, 2277 - 2º andar",
26.614.291/0001-00,2021-06-01,1,CM Capital Markets DTVM Ltda,2671743000119,"Rua Gomes de Carvalho, 1195 - 4º andar",(11) 3842-1122
26.990.011/0001-50,2021-12-01,2,JJ Chaves Contadores Sociedade Simples Ltda,94154119000162,"Roa Dona Laura, 414 - Porto Alegre - RS",51-3388.3677
26.990.011/0001-50,2021-12-01,2,Itaú Corretora de Valores S/A,61194353000164,Av Brig Faria Lima 3400 10º and. São Paulo - SP,11-2740.2575
28.693.595/0001-27,2021-12-01,1,,0,,
30.248.158/0001-46,2021-12-01,1,Binswanger  - Avaliador,03.234.049/0001-05,"Rua Líbero Badaró 377, São Paulo, SP,",(11) 3101-2333
30.567.216/0001-02,2021-12-01,1,JJ Chaves Contadores Sociedade Simples Ltda,94154119000162,"Roa Dona Laura, 414 - Porto Alegre - RS",51-3388.3677
30.982.923/0001-57,2021-12-01,1,,,,
31.887.401/0001-39,2021-12-01,2,Rio Bravo Investimentos LTDA.,3864607000108,"Av. Chedid Jafet, nº 222, Bloco B, 3º andar - Vila Olímpia - São Paulo/SP - Cep nº 04551-065",(11) 3509 6600
32.667.306/0001-92,2021-06-01,1,WONGTSCHOWSKI  ZANOTTA ADVOGADOS,8226883000164,"Rua Butanta, 153  - São Paulo - SP",(11) 3818-5555
32.892.018/0001-31,2021-06-01,1,Itaú Corretora de Valores S.A. (Escriturador),61194353000164,"Avenida Brigadeiro Faria Lima, 3500, 3º Andar, São Paulo -SP",+ 55 (11)2740-2535
32.903.521/0001-45,2021-12-01,1,ITAU CORRETORA DE VALORES S/A ( Escriturador ),61.194.353/0001-64,"Rua Santa Virginia, 299,CEP: 03084-010 São Paulo - SP",(11) 2740-2906
32.903.702/0001-71,2021-12-01,1,ITAU CORRETORA DE VALORES S/A ( Escriturador ),61.194.353/0001-64,"Rua Santa Virginia, 299,CEP: 03084-010 São Paulo - SP",(11) 2740-2906
33.354.650/0001-94,2021-12-01,1,GOTBLI Advogados,30221528000151,"Av Almirante Barroso 63, sala 1101, Centro, Rio de Janeiro CEP 20031003",(31) 9659-4926
35.360.651/0001-77,2021-12-01,1,OPPORTUNITY MÉTRICA LTDA,29839743000131,"Avenida Presidente Wilson, nº 231, 28º andar, parte, Centro, Rio de Janeiro /RJ",(11) 3039-1200
35.765.826/0001-26,2021-12-01,1,CEPAR CONTROLE PRAGAS URBANA EIRELI,27.168.173/0001-70,"Paracambi/RJ, Estrada do Saudoso, S/N, Bairro Saudoso, CEP 26.600-000",(71) 3321-1510
35.765.907/0001-26,2021-12-01,1,DP CONSULTORIA LTDA.,40.355.846/0001-69,"Rua Sócrates, nº 409, apartamento 151, Vila Sofia, CEP: 04671-071São Paulo, Estado de São Paulo",+55 11 99975-9579
39.347.413/0001-82,2021-12-01,1,Banco Daycoval S.A,62232889000190,"Avenida Paulista,1793",(11) 3138-8871
39.714.024/0001-48,2021-12-01,1,JJ CHAVES CONTADORES S/S,94154119000162,"Roa Dona Laura, 414 - Porto Alegre - RS",51-3388.3677
40.225.262/0001-79,2021-12-01,1,JJ CHAVES CONTADORES S/S,94154119000162,"Roa Dona Laura, 414 - Porto Alegre - RS",51-3388.3677
41.076.607/0001-32,2021-12-01,1,FUNCHAL INVESTIMENTOS LTDA,03858737000138,"Av. Nove de Julho, 5593 13o andar, Conjuntos 132, Itaim Bibi, São Paulo/SP, CEP 01407-200",(11) 3061-2333
41.076.748/0001-55,2021-12-01,1,CATUAÍ GESTORA DE RECURSOS LTDA,29976481000157,"Avenida Brigadeiro Faria Lima, 2277 - Cj. 2103, Jd. Paulistano, São Paulo/SP, CEP: 01452-000",(11) 2161-1800
41.114.606/0001-35,2021-12-01,1,Banco Daycoval,62232889000190,"Av. Paulista, 1793 - 2º andar - Bela Vista - São Paulo - SP.",(11) 3138-0500
41.114.606/0001-35,2021-12-01,1,Freitas Leite Advogados,61.197.,"Rua Elvira Ferraz,250",(11) 3728-8100
43.862.625/0001-75,2021-12-01,1,JJ CHAVES CONTADORES S/S,94154119000162,"Roa Dona Laura, 414 - Porto Alegre - RS",51-3388.3677
